"C1619","1619","1","57","Gannon Trading","56","Marshall Leach","P_Jan","Jane Jetson","P_Jan","Jane Jetson","Angus","B","2","14","1023.00","3.17","45400.74","N
"C1619","1619","2","65","Bianca Foster","56","Marshall Leach","P_Bar","Bart O'Keefe","F_Ral","Ralph Wigwam","Angus X","S","3","2","901.00","3.01","5424.02","N
"C1619","1619","3","41","Burch Farms","61","Rosales Farms","P_Jan","Jane Jetson","P_Jan","Jane Jetson","Hereford","B","2","6","861.00","3.07","15859.62","N
"C1619","1619","4","41","Burch Farms","65","Bianca Foster","P_Jan","Jane Jetson","P_Jan","Jane Jetson","Angus","B","2","17","980.00","3.24","53978.40","N
"C1619","1619","5","78","Dillard Farms","78","Dillard Farms","D_Dav","Dave Doppler","D_Dav","Dave Doppler","Angus X","S","2","8","773.00","2.70","16696.80","N
"C1619","1619","6","86","Juliet Hayes","65","Bianca Foster","F_Shr","Homer Palin","F_Ral","Ralph Wigwam","Charolais","H","2","11","764.00","3.12","26220.48","N
"C1619","1619","7","43","Carr Farms","54","Roary Gillespie","F_Shr","Homer Palin","F_Mik","Micheal Angel","Fresian","H","2","18","786.00","2.97","42019.56","N
"C1619","1619","8","87","Fitzpatrick Farms","65","Bianca Foster","P_Bar","Bart O'Keefe","P_Jan","Jane Jetson","Fresian X","B","3","3","652.00","3.07","6004.92","N
"C1619","1619","8","87","Grady Blevins","65","Bianca Foster","P_Bar","Bart O'Keefe","P_Jan","Jane Jetson","Fresian X","B","3","3","652.00","3.07","6004.92","N
"C1619","1619","9","87","Fitzpatrick Farms","46","Valenzuela Farms","P_Bar","Bart O'Keefe","P_Jan","Jane Jetson","Angus","S","3","12","617.00","3.00","22212.00","N
"C1619","1619","9","87","Grady Blevins","46","Valenzuela Farms","P_Bar","Bart O'Keefe","P_Jan","Jane Jetson","Angus","S","3","12","617.00","3.00","22212.00","N
"C1619","1619","10","43","Carr Farms","65","Bianca Foster","F_Shr","Homer Palin","F_Mik","Micheal Angel","Angus","S","1","2","818.00","2.82","4613.52","N
"C1619","1619","11","61","Rosales Farms","74","Bright Farms","F_Mic","Michael Krueger","F_Mik","Micheal Angel","Beef X","S","1","17","841.00","3.03","43319.91","N
"C1619","1619","12","86","Juliet Hayes","62","Camden Hatfield","F_Shr","Homer Palin","F_Ral","Ralph Wigwam","Angus","S","2","5","956.00","2.70","12906.00","N
"C1619","1619","13","58","Brent Ramirez","62","Camden Hatfield","P_Jan","Jane Jetson","P_Jan","Jane Jetson","Angus X","H","2","7","593.00","3.47","14403.97","N
"C1619","1619","14","39","Meghan Dalton","65","Bianca Foster","F_Ral","Ralph Wigwam","F_Ral","Ralph Wigwam","Hereford","B","3","12","1004.00","3.48","41927.04","N
"C1619","1619","15","85","Germane Blackburn","77","Macdonald Farms","F_Leo","Leonardo Capris","F_Mik","Micheal Angel","Angus","S","3","8","572.00","3.13","14322.88","N
"C1619","1619","16","39","Meghan Dalton","59","Lee Chase","F_Ral","Ralph Wigwam","F_Ral","Ralph Wigwam","Angus X","B","3","14","925.00","2.74","35483.00","N
"C1619","1619","17","39","Meghan Dalton","46","Valenzuela Farms","F_Ral","Ralph Wigwam","F_Ral","Ralph Wigwam","Charolais","B","2","6","590.00","3.16","11186.40","N
"C1619","1619","18","43","Carr Farms","60","Illiana Maldonado","F_Shr","Homer Palin","F_Ral","Ralph Wigwam","Fresian","S","2","14","1009.00","3.48","49158.48","N
"C1619","1619","19","77","Macdonald Farms","78","Dillard Farms","F_Don","Donald Quagley","F_Don","Donald Quagley","Fresian X","H","2","11","869.00","2.73","26096.07","N
"C1619","1619","20","60","Illiana Maldonado","79","Anastasia Trading","D_Dav","Dave Doppler","D_Dav","Dave Doppler","Angus","H","2","7","903.00","2.78","17572.38","N
"C1619","1619","21","74","Bright Farms","78","Dillard Farms","F_Don","Donald Quagley","F_Don","Donald Quagley","Angus","B","4","18","1063.00","2.65","50705.10","N
"C1619","1619","22","70","Brody Stanley","80","Ina Trading","P_Bar","Bart O'Keefe","P_Jan","Jane Jetson","Angus","S","4","19","1021.00","2.93","56839.07","N
"C1619","1619","23","87","Fitzpatrick Farms","61","Rosales Farms","P_Bar","Bart O'Keefe","P_Jan","Jane Jetson","Angus X","S","2","4","749.00","3.24","9707.04","N
"C1619","1619","23","87","Grady Blevins","61","Rosales Farms","P_Bar","Bart O'Keefe","P_Jan","Jane Jetson","Angus X","S","2","4","749.00","3.24","9707.04","N
"C1619","1619","24","37","Cecilia Trading","48","Melissa Ruiz","F_Mic","Michael Krueger","F_Don","Donald Quagley","Hereford","S","3","14","627.00","2.89","25368.42","N
"C1619","1619","25","41","Burch Farms","56","Marshall Leach","P_Jan","Jane Jetson","P_Jan","Jane Jetson","Angus","S","2","8","1018.00","2.88","23454.72","N
"C1619","1619","26","38","Hermione Compton","39","Meghan Dalton","P_Jan","Jane Jetson","P_Jan","Jane Jetson","Angus X","H","2","16","680.00","3.45","37536.00","N
"C1619","1619","27","85","Germane Blackburn","60","Illiana Maldonado","F_Leo","Leonardo Capris","F_Mik","Micheal Angel","Charolais","B","2","6","669.00","2.90","11640.60","N
"C1619","1619","28","69","Adena Rich","61","Rosales Farms","D_Dav","Dave Doppler","D_Dav","Dave Doppler","Fresian","S","2","5","675.00","3.50","11812.50","N
"C1619","1619","29","69","Adena Rich","61","Rosales Farms","D_Dav","Dave Doppler","D_Dav","Dave Doppler","Fresian X","B","2","9","1007.00","2.87","26010.81","N
"C1619","1619","30","41","Burch Farms","66","Jocelyn Dickson","P_Jan","Jane Jetson","P_Jan","Jane Jetson","Angus","B","3","3","996.00","2.93","8754.84","N
"C1619","1619","31","69","Adena Rich","62","Camden Hatfield","D_Dav","Dave Doppler","D_Dav","Dave Doppler","Angus","S","3","9","850.00","2.75","21037.50","N
"C1619","1619","32","69","Adena Rich","59","Lee Chase","D_Dav","Dave Doppler","D_Dav","Dave Doppler","Angus","H","1","17","894.00","2.88","43770.24","N
"C1619","1619","33","88","Hanna Collier","75","Autumn Mooney","F_Mik","Micheal Angel","F_Mik","Micheal Angel","Angus X","H","1","15","618.00","2.78","25770.60","N
"C1619","1619","33","88","Samson Pollard","75","Autumn Mooney","F_Mik","Micheal Angel","F_Mik","Micheal Angel","Angus X","H","1","15","618.00","2.78","25770.60","N
"C1619","1619","34","58","Brent Ramirez","63","Nola Trading","P_Jan","Jane Jetson","P_Jan","Jane Jetson","Hereford","B","2","12","598.00","2.66","19088.16","N
"C1619","1619","35","69","Adena Rich","60","Illiana Maldonado","D_Dav","Dave Doppler","D_Dav","Dave Doppler","Angus","S","2","6","854.00","2.63","13476.12","N
"C1619","1619","36","65","Bianca Foster","60","Illiana Maldonado","P_Bar","Bart O'Keefe","F_Ral","Ralph Wigwam","Angus X","S","3","19","1084.00","3.50","72086.00","N
"C1619","1619","37","87","Fitzpatrick Farms","79","Anastasia Trading","P_Bar","Bart O'Keefe","P_Jan","Jane Jetson","Charolais","S","3","4","624.00","3.29","8211.84","N
"C1619","1619","37","87","Grady Blevins","79","Anastasia Trading","P_Bar","Bart O'Keefe","P_Jan","Jane Jetson","Charolais","S","3","4","624.00","3.29","8211.84","N
"C1619","1619","38","61","Rosales Farms","66","Jocelyn Dickson","F_Mic","Michael Krueger","F_Mik","Micheal Angel","Fresian","S","3","8","659.00","2.61","13759.92","N
"C1619","1619","39","41","Burch Farms","62","Camden Hatfield","P_Jan","Jane Jetson","P_Jan","Jane Jetson","Fresian X","H","2","7","563.00","N,"N,""
"C1619","1619","40","58","Brent Ramirez","54","Roary Gillespie","P_Jan","Jane Jetson","P_Jan","Jane Jetson","Angus","B","2","5","992.00","2.98","14780.80","N
"C1619","1619","41","60","Illiana Maldonado","56","Marshall Leach","D_Dav","Dave Doppler","D_Dav","Dave Doppler","Angus","S","2","20","751.00","2.72","40854.40","N
"C1619","1619","42","42","Daniel Farms","60","Illiana Maldonado","F_Don","Donald Quagley","F_Don","Donald Quagley","Angus","B","2","6","677.00","3.16","12835.92","N
"C1619","1619","43","32","Kirk Cameron","79","Anastasia Trading","P_Lis","Lisa Andrewson","P_Jan","Jane Jetson","Angus X","B","4","2","829.00","3.35","5554.30","N
"C1619","1619","44","37","Cecilia Trading","74","Bright Farms","F_Mic","Michael Krueger","F_Don","Donald Quagley","Hereford","S","2","20","970.00","3.39","65766.00","N
"C1619","1619","45","86","Juliet Hayes","80","Ina Trading","F_Shr","Homer Palin","F_Mik","Micheal Angel","Angus","H","3","7","545.00","3.10","11826.50","N
"C1619","1619","46","65","Bianca Foster","61","Rosales Farms","P_Bar","Bart O'Keefe","F_Ral","Ralph Wigwam","Angus X","H","2","14","844.00","2.97","35093.52","N
"C1619","1619","49","101","Barclay Barr","62","Camden Hatfield","F_Dav","David Sidebottom","F_Mik","Micheal Angel","Fresian X","S","2","6","694.00","2.71","11284.44","N
"C1619","1619","49","101","Everett Farms","62","Camden Hatfield","F_Dav","David Sidebottom","F_Mik","Micheal Angel","Fresian X","S","2","6","694.00","2.71","11284.44","N
"C1619","1619","50","84","Hardin Farms","62","Camden Hatfield","F_Shr","Homer Palin","F_Ral","Ralph Wigwam","Angus","S","2","2","949.00","2.70","5124.60","N
"C1619","1619","51","42","Daniel Farms","78","Dillard Farms","F_Don","Donald Quagley","F_Don","Donald Quagley","Angus","S","3","9","891.00","3.24","25981.56","N
"C1619","1619","52","42","Daniel Farms","63","Nola Trading","F_Don","Donald Quagley","F_Don","Donald Quagley","Angus","H","3","11","688.00","3.36","25428.48","N
"C1619","1619","53","65","Bianca Foster","65","Bianca Foster","P_Bar","Bart O'Keefe","F_Ral","Ralph Wigwam","Angus X","B","1","5","677.00","2.92","9884.20","N
"C1619","1619","54","78","Dillard Farms","79","Anastasia Trading","D_Dav","Dave Doppler","D_Dav","Dave Doppler","Hereford","S","1","9","993.00","2.63","23504.31","N
"C1619","1619","55","43","Carr Farms","75","Autumn Mooney","F_Shr","Homer Palin","F_Ral","Ralph Wigwam","Angus","B","2","2","959.00","2.67","5121.06","N
"C1619","1619","56","87","Fitzpatrick Farms","62","Camden Hatfield","P_Bar","Bart O'Keefe","P_Jan","Jane Jetson","Angus X","B","2","1","530.00","2.83","1499.90","N
"C1619","1619","56","87","Grady Blevins","62","Camden Hatfield","P_Bar","Bart O'Keefe","P_Jan","Jane Jetson","Angus X","B","2","1","530.00","2.83","1499.90","N
"C1619","1619","57","78","Dillard Farms","61","Rosales Farms","D_Dav","Dave Doppler","D_Dav","Dave Doppler","Charolais","S","3","4","602.00","2.65","6381.20","N
"C1619","1619","58","84","Hardin Farms","80","Ina Trading","F_Shr","Homer Palin","F_Ral","Ralph Wigwam","Fresian","H","3","11","569.00","N,"N,""
"C1619","1619","59","58","Brent Ramirez","80","Ina Trading","P_Jan","Jane Jetson","P_Jan","Jane Jetson","Fresian X","H","3","14","864.00","3.06","37013.76","N
"C1619","1619","60","76","Hasad Harrington","62","Camden Hatfield","D_Big","Alister Byng","D_Big","Alister Byng","Angus","B","2","3","577.00","3.36","5816.16","N
"C1619","1619","61","39","Meghan Dalton","48","Melissa Ruiz","F_Ral","Ralph Wigwam","F_Ral","Ralph Wigwam","Angus","S","2","8","617.00","3.24","15992.64","N
"C1619","1619","62","88","Hanna Collier","61","Rosales Farms","F_Mik","Micheal Angel","F_Mik","Micheal Angel","Angus","S","2","20","558.00","2.73","30466.80","N
"C1619","1619","62","88","Samson Pollard","61","Rosales Farms","F_Mik","Micheal Angel","F_Mik","Micheal Angel","Angus","S","2","20","558.00","2.73","30466.80","N
"C1619","1619","63","88","Hanna Collier","56","Marshall Leach","F_Mik","Micheal Angel","F_Mik","Micheal Angel","Angus X","S","2","12","766.00","3.28","30149.76","N
"C1619","1619","63","88","Samson Pollard","56","Marshall Leach","F_Mik","Micheal Angel","F_Mik","Micheal Angel","Angus X","S","2","12","766.00","3.28","30149.76","N
"C1619","1619","64","85","Germane Blackburn","48","Melissa Ruiz","F_Leo","Leonardo Capris","F_Mik","Micheal Angel","Hereford","S","4","5","930.00","2.82","13113.00","N
"C1619","1619","65","59","Lee Chase","64","Vernon Mcgee","D_Dav","Dave Doppler","D_Dav","Dave Doppler","Angus","H","2","16","1100.00","3.03","53328.00","N
"C1619","1619","66","32","Kirk Cameron","65","Bianca Foster","P_Lis","Lisa Andrewson","P_Jan","Jane Jetson","Angus X","B","3","8","944.00","3.21","24241.92","N
"C1619","1619","67","101","Barclay Barr","77","Macdonald Farms","F_Dav","David Sidebottom","F_Mik","Micheal Angel","Charolais","S","2","5","1088.00","3.17","17244.80","N
"C1619","1619","67","101","Everett Farms","77","Macdonald Farms","F_Dav","David Sidebottom","F_Mik","Micheal Angel","Charolais","S","2","5","1088.00","3.17","17244.80","N
"C1619","1619","68","57","Gannon Trading","48","Melissa Ruiz","P_Jan","Jane Jetson","P_Jan","Jane Jetson","Fresian","B","2","3","948.00","3.34","9498.96","N
"C1619","1619","69","60","Illiana Maldonado","79","Anastasia Trading","D_Dav","Dave Doppler","D_Dav","Dave Doppler","Fresian X","B","2","9","520.00","2.84","13291.20","N
"C1619","1619","70","40","Ayala Farms","63","Nola Trading","F_Dav","David Sidebottom","F_Don","Donald Quagley","Angus","S","2","9","867.00","2.71","21146.13","N
"C1619","1619","71","49","Aiko Swanson","64","Vernon Mcgee","F_Mik","Micheal Angel","F_Mik","Micheal Angel","Angus","H","2","4","506.00","2.96","5991.04","N
"C1619","1619","72","32","Kirk Cameron","61","Rosales Farms","P_Lis","Lisa Andrewson","P_Jan","Jane Jetson","Angus","H","3","5","1065.00","3.07","16347.75","N
"C1619","1619","73","58","Brent Ramirez","63","Nola Trading","P_Jan","Jane Jetson","P_Jan","Jane Jetson","Angus X","B","3","10","915.00","2.60","23790.00","N
"C1619","1619","74","65","Bianca Foster","75","Autumn Mooney","P_Bar","Bart O'Keefe","F_Ral","Ralph Wigwam","Hereford","S","1","4","831.00","2.72","9041.28","N
"C1619","1619","75","39","Meghan Dalton","73","Marks Farms","F_Ral","Ralph Wigwam","F_Ral","Ralph Wigwam","Angus","S","1","14","923.00","3.00","38766.00","N
"C1619","1619","76","38","Hermione Compton","60","Illiana Maldonado","P_Jan","Jane Jetson","P_Jan","Jane Jetson","Angus X","S","2","18","653.00","3.17","37260.18","N
"C1619","1619","77","41","Burch Farms","39","Meghan Dalton","P_Jan","Jane Jetson","P_Jan","Jane Jetson","Charolais","S","2","13","909.00","2.88","34032.96","N
"C1619","1619","78","58","Brent Ramirez","65","Bianca Foster","P_Jan","Jane Jetson","P_Jan","Jane Jetson","Fresian","H","3","7","680.00","2.92","13899.20","N
"C1619","1619","79","58","Brent Ramirez","66","Jocelyn Dickson","P_Jan","Jane Jetson","P_Jan","Jane Jetson","Fresian X","B","3","1","507.00","3.28","1662.96","N
"C1619","1619","80","39","Meghan Dalton","54","Roary Gillespie","F_Ral","Ralph Wigwam","F_Ral","Ralph Wigwam","Angus","S","3","15","814.00","3.26","39804.60","N
"C1619","1619","81","61","Rosales Farms","77","Macdonald Farms","F_Mic","Michael Krueger","F_Mik","Micheal Angel","Angus","B","2","7","788.00","3.49","19250.84","N
"C1619","1619","82","43","Carr Farms","65","Bianca Foster","F_Shr","Homer Palin","F_Mik","Micheal Angel","Angus","B","2","12","710.00","3.01","25645.20","N
"C1619","1619","83","43","Carr Farms","64","Vernon Mcgee","F_Shr","Homer Palin","F_Mik","Micheal Angel","Angus X","S","2","3","904.00","3.45","9356.40","N
"C1619","1619","84","41","Burch Farms","65","Bianca Foster","P_Jan","Jane Jetson","P_Jan","Jane Jetson","Hereford","H","2","9","568.00","2.61","13342.32","N
"C1619","1619","85","86","Juliet Hayes","63","Nola Trading","F_Shr","Homer Palin","F_Ral","Ralph Wigwam","Angus","H","4","5","876.00","2.66","11650.80","N
"C1619","1619","86","101","Barclay Barr","65","Bianca Foster","F_Dav","David Sidebottom","F_Mik","Micheal Angel","Angus X","B","2","14","585.00","3.46","28337.40","N
"C1619","1619","86","101","Everett Farms","65","Bianca Foster","F_Dav","David Sidebottom","F_Mik","Micheal Angel","Angus X","B","2","14","585.00","3.46","28337.40","N
"C1619","1619","87","43","Carr Farms","46","Valenzuela Farms","F_Shr","Homer Palin","F_Mik","Micheal Angel","Charolais","S","3","20","786.00","2.88","45273.60","N
"C1619","1619","88","34","Kylynn Trading","48","Melissa Ruiz","F_Mic","Michael Krueger","F_Don","Donald Quagley","Fresian","S","2","7","985.00","3.25","22408.75","N
"C1619","1619","89","84","Hardin Farms","63","Nola Trading","F_Shr","Homer Palin","F_Ral","Ralph Wigwam","Fresian X","S","2","2","1096.00","3.04","6663.68","N
"C1619","1619","90","41","Burch Farms","79","Anastasia Trading","P_Jan","Jane Jetson","P_Jan","Jane Jetson","Angus","S","2","11","755.00","3.16","26243.80","N
"C1619","1619","91","58","Brent Ramirez","73","Marks Farms","P_Jan","Jane Jetson","P_Jan","Jane Jetson","Angus","H","2","9","729.00","2.93","19223.73","N
"C1619","1619","92","86","Juliet Hayes","74","Bright Farms","F_Shr","Homer Palin","F_Ral","Ralph Wigwam","Angus","B","2","2","997.00","3.21","6400.74","N
"C1619","1619","93","61","Rosales Farms","61","Rosales Farms","F_Mic","Michael Krueger","F_Mik","Micheal Angel","Angus X","S","3","10","583.00","3.04","17723.20","N
"C1619","1619","94","85","Germane Blackburn","59","Lee Chase","F_Leo","Leonardo Capris","F_Mik","Micheal Angel","Hereford","B","3","8","571.00","3.48","15896.64","N
"C1619","1619","95","69","Adena Rich","46","Valenzuela Farms","D_Dav","Dave Doppler","D_Dav","Dave Doppler","Angus","B","1","8","889.00","3.25","23114.00","N
"C1619","1619","96","65","Bianca Foster","74","Bright Farms","P_Bar","Bart O'Keefe","F_Ral","Ralph Wigwam","Angus X","S","1","14","901.00","2.91","36706.74","N
"C1619","1619","97","62","Camden Hatfield","59","Lee Chase","P_Lis","Lisa Andrewson","P_Jan","Jane Jetson","Charolais","H","2","15","923.00","2.71","37519.95","N
"C1619","1619","98","86","Juliet Hayes","54","Roary Gillespie","F_Shr","Homer Palin","F_Ral","Ralph Wigwam","Fresian","H","2","11","629.00","3.18","22002.42","N
"C1619","1619","99","60","Illiana Maldonado","80","Ina Trading","D_Dav","Dave Doppler","D_Dav","Dave Doppler","Fresian X","B","3","13","576.00","3.37","25234.56","N
"C1619","1619","101","34","Kylynn Trading","56","Marshall Leach","F_Mic","Michael Krueger","F_Don","Donald Quagley","Angus","S","3","2","789.00","3.09","4876.02","N
"C1619","1619","102","60","Illiana Maldonado","39","Meghan Dalton","D_Dav","Dave Doppler","D_Dav","Dave Doppler","Angus","S","2","4","617.00","2.97","7329.96","N
"C1619","1619","103","57","Gannon Trading","73","Marks Farms","P_Jan","Jane Jetson","P_Jan","Jane Jetson","Angus X","S","2","3","1061.00","2.62","8339.46","N
"C1619","1619","104","40","Ayala Farms","64","Vernon Mcgee","F_Dav","David Sidebottom","F_Don","Donald Quagley","Hereford","H","2","2","630.00","3.15","3969.00","N
"C1619","1619","105","40","Ayala Farms","75","Autumn Mooney","F_Dav","David Sidebottom","F_Don","Donald Quagley","Angus","B","2","9","735.00","2.89","19117.35","N
"C1619","1619","106","59","Lee Chase","66","Jocelyn Dickson","D_Dav","Dave Doppler","D_Dav","Dave Doppler","Angus X","S","4","8","556.00","2.73","12143.04","N
"C1619","1619","107","39","Meghan Dalton","66","Jocelyn Dickson","F_Ral","Ralph Wigwam","F_Ral","Ralph Wigwam","Charolais","B","2","15","534.00","3.39","27153.90","N
"C1619","1619","108","100","Barrett Fuller","60","Illiana Maldonado","F_Leo","Leonardo Capris","F_Don","Donald Quagley","Fresian","B","3","4","950.00","2.74","10412.00","N
"C1619","1619","108","100","Barclay Barr","60","Illiana Maldonado","F_Leo","Leonardo Capris","F_Don","Donald Quagley","Fresian","B","3","4","950.00","2.74","10412.00","N
"C1619","1619","110","70","Brody Stanley","48","Melissa Ruiz","P_Bar","Bart O'Keefe","P_Jan","Jane Jetson","Angus","H","2","20","502.00","3.44","34537.60","N
"C1619","1619","111","42","Daniel Farms","46","Valenzuela Farms","F_Don","Donald Quagley","F_Don","Donald Quagley","Angus","H","2","12","549.00","3.35","22069.80","N
"C1619","1619","112","101","Barclay Barr","62","Camden Hatfield","F_Dav","David Sidebottom","F_Mik","Micheal Angel","Angus","B","2","9","733.00","3.25","21440.25","N
"C1619","1619","112","101","Everett Farms","62","Camden Hatfield","F_Dav","David Sidebottom","F_Mik","Micheal Angel","Angus","B","2","9","733.00","3.25","21440.25","N
"C1619","1619","113","87","Fitzpatrick Farms","61","Rosales Farms","P_Bar","Bart O'Keefe","P_Jan","Jane Jetson","Angus X","S","2","16","771.00","2.92","36021.12","N
"C1619","1619","113","87","Grady Blevins","61","Rosales Farms","P_Bar","Bart O'Keefe","P_Jan","Jane Jetson","Angus X","S","2","16","771.00","2.92","36021.12","N
"C1619","1619","114","57","Gannon Trading","66","Jocelyn Dickson","P_Jan","Jane Jetson","P_Jan","Jane Jetson","Hereford","S","3","19","601.00","2.78","31744.82","N
"C1619","1619","115","101","Barclay Barr","74","Bright Farms","F_Dav","David Sidebottom","F_Mik","Micheal Angel","Angus","S","3","20","730.00","3.16","46136.00","N
"C1619","1619","115","101","Everett Farms","74","Bright Farms","F_Dav","David Sidebottom","F_Mik","Micheal Angel","Angus","S","3","20","730.00","3.16","46136.00","N
"C1619","1619","116","58","Brent Ramirez","74","Bright Farms","P_Jan","Jane Jetson","P_Jan","Jane Jetson","Angus X","S","1","19","931.00","3.08","54482.12","N
"C1619","1619","117","70","Brody Stanley","61","Rosales Farms","P_Bar","Bart O'Keefe","P_Jan","Jane Jetson","Charolais","H","1","8","643.00","3.05","15689.20","N
"C1619","1619","118","74","Bright Farms","77","Macdonald Farms","F_Don","Donald Quagley","F_Don","Donald Quagley","Fresian","B","2","12","1049.00","2.64","33232.32","N
"C1619","1619","119","39","Meghan Dalton","65","Bianca Foster","F_Ral","Ralph Wigwam","F_Ral","Ralph Wigwam","Fresian X","S","2","4","614.00","3.14","7711.84","N
"C1619","1619","121","88","Hanna Collier","54","Roary Gillespie","F_Mik","Micheal Angel","F_Mik","Micheal Angel","Angus","B","3","3","634.00","3.07","5839.14","N
"C1619","1619","121","88","Samson Pollard","54","Roary Gillespie","F_Mik","Micheal Angel","F_Mik","Micheal Angel","Angus","B","3","3","634.00","3.07","5839.14","N
"C1619","1619","122","57","Gannon Trading","62","Camden Hatfield","P_Jan","Jane Jetson","P_Jan","Jane Jetson","Angus","S","3","16","987.00","2.75","43428.00","N
"C1619","1619","123","69","Adena Rich","65","Bianca Foster","D_Dav","Dave Doppler","D_Dav","Dave Doppler","Angus X","H","2","2","587.00","3.06","3592.44","N
"C1619","1619","124","38","Hermione Compton","63","Nola Trading","P_Jan","Jane Jetson","P_Jan","Jane Jetson","Hereford","H","2","4","529.00","3.41","7215.56","N
"C1619","1619","125","38","Hermione Compton","54","Roary Gillespie","P_Jan","Jane Jetson","P_Jan","Jane Jetson","Angus","B","2","16","851.00","3.25","44252.00","N
"C1619","1619","126","57","Gannon Trading","48","Melissa Ruiz","P_Jan","Jane Jetson","P_Jan","Jane Jetson","Angus X","S","2","1","983.00","3.43","3371.69","N
"C1619","1619","127","84","Hardin Farms","61","Rosales Farms","F_Shr","Homer Palin","F_Ral","Ralph Wigwam","Charolais","S","4","5","764.00","3.44","13140.80","N
"C1619","1619","128","41","Burch Farms","66","Jocelyn Dickson","P_Jan","Jane Jetson","P_Jan","Jane Jetson","Fresian","S","2","3","732.00","3.11","6829.56","N
"C1619","1619","129","61","Rosales Farms","56","Marshall Leach","F_Mic","Michael Krueger","F_Mik","Micheal Angel","Fresian X","S","3","3","825.00","3.48","8613.00","N
"C1619","1619","130","87","Fitzpatrick Farms","77","Macdonald Farms","P_Bar","Bart O'Keefe","P_Jan","Jane Jetson","Angus","H","2","1","929.00","2.98","2768.42","N
"C1619","1619","130","87","Grady Blevins","77","Macdonald Farms","P_Bar","Bart O'Keefe","P_Jan","Jane Jetson","Angus","H","2","1","929.00","2.98","2768.42","N
"C1619","1619","131","59","Lee Chase","59","Lee Chase","D_Dav","Dave Doppler","D_Dav","Dave Doppler","Angus","B","2","3","548.00","2.77","4553.88","N
"C1619","1619","132","40","Ayala Farms","66","Jocelyn Dickson","F_Dav","David Sidebottom","F_Don","Donald Quagley","Angus","S","2","4","673.00","2.86","7699.12","N
"C1619","1619","133","88","Hanna Collier","63","Nola Trading","F_Mik","Micheal Angel","F_Mik","Micheal Angel","Angus X","B","2","7","804.00","2.83","15927.24","N
"C1619","1619","133","88","Samson Pollard","63","Nola Trading","F_Mik","Micheal Angel","F_Mik","Micheal Angel","Angus X","B","2","7","804.00","2.83","15927.24","N
"C1619","1619","134","43","Carr Farms","78","Dillard Farms","F_Shr","Homer Palin","F_Mik","Micheal Angel","Hereford","B","2","2","655.00","2.62","3432.20","N
"C1619","1619","135","69","Adena Rich","62","Camden Hatfield","D_Dav","Dave Doppler","D_Dav","Dave Doppler","Angus","S","3","15","536.00","2.70","21708.00","N
"C1619","1619","136","88","Hanna Collier","66","Jocelyn Dickson","F_Mik","Micheal Angel","F_Mik","Micheal Angel","Angus X","H","3","10","687.00","3.30","22671.00","N
"C1619","1619","136","88","Samson Pollard","66","Jocelyn Dickson","F_Mik","Micheal Angel","F_Mik","Micheal Angel","Angus X","H","3","10","687.00","3.30","22671.00","N
"C1619","1619","137","84","Hardin Farms","73","Marks Farms","F_Shr","Homer Palin","F_Ral","Ralph Wigwam","Charolais","H","1","18","611.00","3.17","34863.66","N
"C1619","1619","138","39","Meghan Dalton","66","Jocelyn Dickson","F_Ral","Ralph Wigwam","F_Ral","Ralph Wigwam","Fresian","B","1","2","1035.00","3.38","6996.60","N
"C1619","1619","139","65","Bianca Foster","77","Macdonald Farms","P_Bar","Bart O'Keefe","F_Ral","Ralph Wigwam","Fresian X","S","2","9","703.00","2.95","18664.65","N
"C1619","1619","140","70","Brody Stanley","46","Valenzuela Farms","P_Bar","Bart O'Keefe","P_Jan","Jane Jetson","Angus","S","2","8","790.00","2.85","18012.00","N
"C1619","1619","141","38","Hermione Compton","63","Nola Trading","P_Jan","Jane Jetson","P_Jan","Jane Jetson","Angus","S","3","5","985.00","2.82","13888.50","N
"C1619","1619","142","87","Fitzpatrick Farms","66","Jocelyn Dickson","P_Bar","Bart O'Keefe","P_Jan","Jane Jetson","Angus","S","3","6","685.00","3.26","13398.60","N
"C1619","1619","142","87","Grady Blevins","66","Jocelyn Dickson","P_Bar","Bart O'Keefe","P_Jan","Jane Jetson","Angus","S","3","6","685.00","3.26","13398.60","N
"C1619","1619","143","41","Burch Farms","61","Rosales Farms","P_Jan","Jane Jetson","P_Jan","Jane Jetson","Angus X","H","3","20","505.00","3.13","31613.00","N
"C1619","1619","144","43","Carr Farms","61","Rosales Farms","F_Shr","Homer Palin","F_Ral","Ralph Wigwam","Hereford","B","2","3","945.00","2.66","7541.10","N
"C1619","1619","145","86","Juliet Hayes","39","Meghan Dalton","F_Shr","Homer Palin","F_Ral","Ralph Wigwam","Angus","S","2","9","669.00","2.94","17701.74","N
"C1619","1619","146","65","Bianca Foster","77","Macdonald Farms","P_Bar","Bart O'Keefe","F_Ral","Ralph Wigwam","Angus X","B","2","7","726.00","3.25","16516.50","N
"C1619","1619","147","43","Carr Farms","61","Rosales Farms","F_Shr","Homer Palin","F_Mik","Micheal Angel","Charolais","B","2","9","877.00","3.18","25099.74","N
"C1619","1619","148","85","Germane Blackburn","79","Anastasia Trading","F_Leo","Leonardo Capris","F_Mik","Micheal Angel","Fresian","S","4","5","914.00","3.14","14349.80","N
"C1619","1619","149","42","Daniel Farms","56","Marshall Leach","F_Don","Donald Quagley","F_Don","Donald Quagley","Fresian X","H","2","2","1004.00","2.92","5863.36","N
"C1619","1619","150","40","Ayala Farms","61","Rosales Farms","F_Dav","David Sidebottom","F_Don","Donald Quagley","Angus","H","3","20","952.00","2.80","53312.00","N
"C1619","1619","151","38","Hermione Compton","65","Bianca Foster","P_Jan","Jane Jetson","P_Jan","Jane Jetson","Angus","B","2","20","689.00","2.61","35965.80","N
"C1619","1619","152","43","Carr Farms","61","Rosales Farms","F_Shr","Homer Palin","F_Mik","Micheal Angel","Angus","S","2","13","614.00","3.36","26819.52","N
"C1619","1619","153","101","Barclay Barr","79","Anastasia Trading","F_Dav","David Sidebottom","F_Mik","Micheal Angel","Angus X","S","2","1","662.00","3.04","2012.48","N
"C1619","1619","153","101","Everett Farms","79","Anastasia Trading","F_Dav","David Sidebottom","F_Mik","Micheal Angel","Angus X","S","2","1","662.00","3.04","2012.48","N
"C1619","1619","154","39","Meghan Dalton","62","Camden Hatfield","F_Ral","Ralph Wigwam","F_Ral","Ralph Wigwam","Hereford","S","2","3","723.00","3.25","7049.25","N
"C1619","1619","155","77","Macdonald Farms","80","Ina Trading","F_Don","Donald Quagley","F_Don","Donald Quagley","Angus","S","2","13","912.00","2.97","35212.32","N
"C1619","1619","156","58","Brent Ramirez","74","Bright Farms","P_Jan","Jane Jetson","P_Jan","Jane Jetson","Angus X","H","3","15","994.00","3.24","48308.40","N
"C1619","1619","157","40","Ayala Farms","73","Marks Farms","F_Dav","David Sidebottom","F_Don","Donald Quagley","Charolais","B","3","15","834.00","3.43","42909.30","N
"C1619","1619","158","58","Brent Ramirez","66","Jocelyn Dickson","P_Jan","Jane Jetson","P_Jan","Jane Jetson","Fresian","S","1","5","816.00","3.29","13423.20","N
"C1619","1619","159","78","Dillard Farms","75","Autumn Mooney","D_Dav","Dave Doppler","D_Dav","Dave Doppler","Fresian X","B","1","7","1019.00","2.62","18688.46","N
"C1619","1619","160","61","Rosales Farms","54","Roary Gillespie","F_Mic","Michael Krueger","F_Mik","Micheal Angel","Angus","B","2","17","1088.00","2.62","48459.52","N
"C1619","1619","161","59","Lee Chase","56","Marshall Leach","D_Dav","Dave Doppler","D_Dav","Dave Doppler","Angus","S","2","4","930.00","3.13","11643.60","N
"C1619","1619","162","101","Barclay Barr","61","Rosales Farms","F_Dav","David Sidebottom","F_Mik","Micheal Angel","Angus","H","3","12","611.00","3.19","23389.08","N
"C1619","1619","162","101","Everett Farms","61","Rosales Farms","F_Dav","David Sidebottom","F_Mik","Micheal Angel","Angus","H","3","12","611.00","3.19","23389.08","N
"C1619","1619","163","32","Kirk Cameron","65","Bianca Foster","P_Lis","Lisa Andrewson","P_Jan","Jane Jetson","Angus X","H","3","4","1068.00","2.73","11662.56","N
"C1619","1619","164","86","Juliet Hayes","39","Meghan Dalton","F_Shr","Homer Palin","F_Ral","Ralph Wigwam","Hereford","B","3","16","860.00","2.99","41142.40","N
"C1619","1619","165","41","Burch Farms","60","Illiana Maldonado","P_Jan","Jane Jetson","P_Jan","Jane Jetson","Angus","S","2","12","981.00","3.46","40731.12","N
"C1619","1619","166","74","Bright Farms","64","Vernon Mcgee","F_Don","Donald Quagley","F_Don","Donald Quagley","Angus X","S","2","10","582.00","3.43","19962.60","N
"C1619","1619","167","49","Aiko Swanson","60","Illiana Maldonado","F_Mik","Micheal Angel","F_Mik","Micheal Angel","Charolais","S","2","15","582.00","2.68","23396.40","N
"C1619","1619","168","60","Illiana Maldonado","61","Rosales Farms","D_Dav","Dave Doppler","D_Dav","Dave Doppler","Fresian","S","2","10","1063.00","2.87","30508.10","N
"C1619","1619","169","85","Germane Blackburn","74","Bright Farms","F_Leo","Leonardo Capris","F_Mik","Micheal Angel","Fresian X","H","4","4","1070.00","3.42","14637.60","N
"C1619","1619","170","34","Kylynn Trading","56","Marshall Leach","F_Mic","Michael Krueger","F_Don","Donald Quagley","Angus","B","2","2","573.00","2.88","3300.48","N
"C1619","1619","171","78","Dillard Farms","66","Jocelyn Dickson","D_Dav","Dave Doppler","D_Dav","Dave Doppler","Angus","S","3","4","996.00","2.78","11075.52","N
"C1619","1619","172","74","Bright Farms","66","Jocelyn Dickson","F_Don","Donald Quagley","F_Don","Donald Quagley","Angus","B","2","2","718.00","2.77","3977.72","N
"C1619","1619","173","43","Carr Farms","46","Valenzuela Farms","F_Shr","Homer Palin","F_Mik","Micheal Angel","Angus X","B","2","11","855.00","3.38","31788.90","N
"C1619","1619","174","43","Carr Farms","75","Autumn Mooney","F_Shr","Homer Palin","F_Mik","Micheal Angel","Hereford","S","2","18","503.00","2.94","26618.76","N
"C1619","1619","175","100","Barrett Fuller","78","Dillard Farms","F_Leo","Leonardo Capris","F_Don","Donald Quagley","Angus","H","2","13","656.00","2.83","24134.24","N
"C1619","1619","175","100","Barclay Barr","78","Dillard Farms","F_Leo","Leonardo Capris","F_Don","Donald Quagley","Angus","H","2","13","656.00","2.83","24134.24","N
"C1619","1619","176","38","Hermione Compton","46","Valenzuela Farms","P_Jan","Jane Jetson","P_Jan","Jane Jetson","Angus X","H","2","11","526.00","3.18","18399.48","N
"C1619","1619","177","76","Hasad Harrington","48","Melissa Ruiz","D_Big","Alister Byng","D_Big","Alister Byng","Charolais","B","3","8","560.00","2.64","11827.20","N
"C1619","1619","178","88","Hanna Collier","78","Dillard Farms","F_Mik","Micheal Angel","F_Mik","Micheal Angel","Fresian","S","3","18","815.00","2.85","41809.50","N
"C1619","1619","178","88","Samson Pollard","78","Dillard Farms","F_Mik","Micheal Angel","F_Mik","Micheal Angel","Fresian","S","3","18","815.00","2.85","41809.50","N
"C1619","1619","179","58","Brent Ramirez","75","Autumn Mooney","P_Jan","Jane Jetson","P_Jan","Jane Jetson","Fresian X","S","1","1","731.00","3.39","2478.09","N
"C1619","1619","180","86","Juliet Hayes","62","Camden Hatfield","F_Shr","Homer Palin","F_Ral","Ralph Wigwam","Angus","S","1","6","1092.00","2.71","17755.92","N
"C1619","1619","181","85","Germane Blackburn","60","Illiana Maldonado","F_Leo","Leonardo Capris","F_Mik","Micheal Angel","Angus","S","2","13","678.00","3.50","30849.00","N
"C1619","1619","182","61","Rosales Farms","66","Jocelyn Dickson","F_Mic","Michael Krueger","F_Mik","Micheal Angel","Angus","H","2","5","559.00","N,"N,""
"C1619","1619","183","69","Adena Rich","74","Bright Farms","D_Dav","Dave Doppler","D_Dav","Dave Doppler","Angus X","B","3","3","1024.00","2.84","8724.48","N
"C1619","1619","184","37","Cecilia Trading","59","Lee Chase","F_Mic","Michael Krueger","F_Mik","Micheal Angel","Hereford","S","3","19","528.00","3.38","33908.16","N
"C1619","1619","185","43","Carr Farms","79","Anastasia Trading","F_Shr","Homer Palin","F_Mik","Micheal Angel","Angus","B","3","4","739.00","3.34","9873.04","N
"C1619","1619","186","58","Brent Ramirez","77","Macdonald Farms","P_Jan","Jane Jetson","P_Jan","Jane Jetson","Angus X","B","2","10","882.00","3.15","27783.00","N
"C1619","1619","187","49","Aiko Swanson","78","Dillard Farms","F_Mik","Micheal Angel","F_Mik","Micheal Angel","Charolais","S","2","2","1074.00","2.70","5799.60","N
"C1619","1619","188","69","Adena Rich","63","Nola Trading","D_Dav","Dave Doppler","D_Dav","Dave Doppler","Fresian","H","2","3","977.00","3.45","10111.95","N
"C1619","1619","189","77","Macdonald Farms","39","Meghan Dalton","F_Don","Donald Quagley","F_Don","Donald Quagley","Fresian X","H","2","2","1017.00","3.27","6651.18","N
"C1619","1619","190","78","Dillard Farms","61","Rosales Farms","D_Dav","Dave Doppler","D_Dav","Dave Doppler","Angus","B","4","17","880.00","2.64","39494.40","N
"C1619","1619","191","58","Brent Ramirez","61","Rosales Farms","P_Jan","Jane Jetson","P_Jan","Jane Jetson","Angus","S","2","13","945.00","3.43","42137.55","N
"C1619","1619","192","76","Hasad Harrington","61","Rosales Farms","D_Big","Alister Byng","D_Big","Alister Byng","Angus","S","3","16","520.00","2.92","24294.40","N
"C1619","1619","193","76","Hasad Harrington","79","Anastasia Trading","D_Big","Alister Byng","D_Big","Alister Byng","Angus X","S","2","7","1034.00","3.21","23233.98","N
"C1619","1619","194","74","Bright Farms","79","Anastasia Trading","F_Don","Donald Quagley","F_Don","Donald Quagley","Hereford","S","2","5","1055.00","2.87","15139.25","N
"C1619","1619","195","62","Camden Hatfield","46","Valenzuela Farms","P_Lis","Lisa Andrewson","P_Jan","Jane Jetson","Angus","H","2","13","693.00","2.77","24954.93","N
"C1619","1619","196","65","Bianca Foster","61","Rosales Farms","P_Bar","Bart O'Keefe","F_Ral","Ralph Wigwam","Angus X","B","2","9","1024.00","3.28","30228.48","N
"C1619","1619","197","100","Barrett Fuller","63","Nola Trading","F_Leo","Leonardo Capris","F_Don","Donald Quagley","Charolais","S","2","15","726.00","2.96","32234.40","N
"C1619","1619","197","100","Barclay Barr","63","Nola Trading","F_Leo","Leonardo Capris","F_Don","Donald Quagley","Charolais","S","2","15","726.00","2.96","32234.40","N
"C1619","1619","198","62","Camden Hatfield","56","Marshall Leach","P_Lis","Lisa Andrewson","P_Jan","Jane Jetson","Fresian","B","3","3","675.00","2.73","5528.25","N
"C1619","1619","199","41","Burch Farms","46","Valenzuela Farms","P_Jan","Jane Jetson","P_Jan","Jane Jetson","Fresian X","B","3","9","513.00","3.20","14774.40","N
"C1619","1619","200","69","Adena Rich","65","Bianca Foster","D_Dav","Dave Doppler","D_Dav","Dave Doppler","Angus","S","1","9","615.00","3.30","18265.50","N
"C1619","1619","201","62","Camden Hatfield","77","Macdonald Farms","P_Lis","Lisa Andrewson","P_Jan","Jane Jetson","Angus","H","1","15","888.00","2.75","36630.00","N
"C1619","1619","202","61","Rosales Farms","61","Rosales Farms","F_Mic","Michael Krueger","F_Mik","Micheal Angel","Angus","H","2","4","671.00","3.00","8052.00","N
"C1619","1619","203","60","Illiana Maldonado","75","Autumn Mooney","D_Dav","Dave Doppler","D_Dav","Dave Doppler","Angus X","B","2","9","979.00","2.79","24582.69","N
"C1619","1619","204","88","Hanna Collier","79","Anastasia Trading","F_Mik","Micheal Angel","F_Mik","Micheal Angel","Hereford","S","3","2","516.00","2.91","3003.12","N
"C1619","1619","204","88","Samson Pollard","79","Anastasia Trading","F_Mik","Micheal Angel","F_Mik","Micheal Angel","Hereford","S","3","2","516.00","2.91","3003.12","N
"C1619","1619","205","41","Burch Farms","75","Autumn Mooney","P_Jan","Jane Jetson","P_Jan","Jane Jetson","Angus","S","3","7","516.00","3.20","11558.40","N
"C1619","1619","206","100","Barrett Fuller","61","Rosales Farms","F_Leo","Leonardo Capris","F_Mik","Micheal Angel","Angus X","S","3","7","615.00","3.41","14680.05","N
"C1619","1619","206","100","Barclay Barr","61","Rosales Farms","F_Leo","Leonardo Capris","F_Mik","Micheal Angel","Angus X","S","3","7","615.00","3.41","14680.05","N
"C1619","1619","207","57","Gannon Trading","61","Rosales Farms","P_Jan","Jane Jetson","P_Jan","Jane Jetson","Charolais","S","2","4","771.00","2.72","8388.48","N
"C1619","1619","208","74","Bright Farms","54","Roary Gillespie","F_Don","Donald Quagley","F_Don","Donald Quagley","Fresian","H","2","12","729.00","3.44","30093.12","N
"C1619","1619","209","32","Kirk Cameron","73","Marks Farms","P_Lis","Lisa Andrewson","P_Jan","Jane Jetson","Fresian X","B","2","5","949.00","2.82","13380.90","N
"C1619","1619","210","37","Cecilia Trading","46","Valenzuela Farms","F_Mic","Michael Krueger","F_Don","Donald Quagley","Angus","S","2","19","895.00","3.16","53735.80","N
"C1619","1619","211","87","Fitzpatrick Farms","63","Nola Trading","P_Bar","Bart O'Keefe","P_Jan","Jane Jetson","Angus","B","4","17","658.00","2.92","32663.12","N
"C1619","1619","211","87","Grady Blevins","63","Nola Trading","P_Bar","Bart O'Keefe","P_Jan","Jane Jetson","Angus","B","4","17","658.00","2.92","32663.12","N
"C1619","1619","212","43","Carr Farms","79","Anastasia Trading","F_Shr","Homer Palin","F_Ral","Ralph Wigwam","Angus","B","2","2","908.00","3.06","5556.96","N
"C1619","1619","213","87","Fitzpatrick Farms","78","Dillard Farms","P_Bar","Bart O'Keefe","P_Jan","Jane Jetson","Angus X","S","3","9","862.00","3.34","25911.72","N
"C1619","1619","213","87","Grady Blevins","78","Dillard Farms","P_Bar","Bart O'Keefe","P_Jan","Jane Jetson","Angus X","S","3","9","862.00","3.34","25911.72","N
"C1619","1619","214","76","Hasad Harrington","75","Autumn Mooney","D_Big","Alister Byng","D_Big","Alister Byng","Hereford","H","2","19","759.00","3.20","46147.20","N
"C1619","1619","215","87","Fitzpatrick Farms","56","Marshall Leach","P_Bar","Bart O'Keefe","P_Jan","Jane Jetson","Angus","H","2","10","1008.00","2.73","27518.40","N
"C1619","1619","215","87","Grady Blevins","56","Marshall Leach","P_Bar","Bart O'Keefe","P_Jan","Jane Jetson","Angus","H","2","10","1008.00","2.73","27518.40","N
"C1619","1619","216","84","Hardin Farms","59","Lee Chase","F_Shr","Homer Palin","F_Ral","Ralph Wigwam","Angus X","B","2","7","909.00","2.94","18707.22","N
"C1619","1619","217","40","Ayala Farms","73","Marks Farms","F_Dav","David Sidebottom","F_Don","Donald Quagley","Charolais","S","2","3","833.00","2.85","7122.15","N
"C1619","1619","218","37","Cecilia Trading","39","Meghan Dalton","F_Mic","Michael Krueger","F_Don","Donald Quagley","Fresian","S","2","10","829.00","3.06","25367.40","N
"C1619","1619","219","57","Gannon Trading","73","Marks Farms","P_Jan","Jane Jetson","P_Jan","Jane Jetson","Fresian X","S","3","7","1049.00","2.63","19312.09","N
"C1619","1619","220","70","Brody Stanley","46","Valenzuela Farms","P_Bar","Bart O'Keefe","P_Jan","Jane Jetson","Angus","S","3","4","984.00","2.84","11178.24","N
"C1619","1619","221","38","Hermione Compton","66","Jocelyn Dickson","P_Jan","Jane Jetson","P_Jan","Jane Jetson","Angus","H","1","20","777.00","2.81","43667.40","N
"C1619","1619","222","37","Cecilia Trading","39","Meghan Dalton","F_Mic","Michael Krueger","F_Don","Donald Quagley","Angus","B","1","8","906.00","3.38","24498.24","N
"C1619","1619","223","61","Rosales Farms","64","Vernon Mcgee","F_Mic","Michael Krueger","F_Mik","Micheal Angel","Angus X","S","2","4","529.00","2.66","5628.56","N
"C1619","1619","224","32","Kirk Cameron","60","Illiana Maldonado","P_Lis","Lisa Andrewson","P_Jan","Jane Jetson","Hereford","B","2","5","895.00","3.41","15259.75","N
"C1619","1619","225","49","Aiko Swanson","64","Vernon Mcgee","F_Mik","Micheal Angel","F_Mik","Micheal Angel","Angus","B","3","7","787.00","3.18","17518.62","N
"C1619","1619","226","39","Meghan Dalton","65","Bianca Foster","F_Ral","Ralph Wigwam","F_Ral","Ralph Wigwam","Angus X","S","3","9","911.00","3.22","26400.78","N
"C1619","1619","227","38","Hermione Compton","59","Lee Chase","P_Jan","Jane Jetson","P_Jan","Jane Jetson","Charolais","H","3","4","673.00","2.99","8049.08","N
"C1619","1619","228","43","Carr Farms","80","Ina Trading","F_Shr","Homer Palin","F_Ral","Ralph Wigwam","Fresian","H","2","4","967.00","2.73","10559.64","N
"C1619","1619","229","62","Camden Hatfield","56","Marshall Leach","P_Lis","Lisa Andrewson","P_Jan","Jane Jetson","Fresian X","B","2","10","866.00","2.69","23295.40","N
"C1619","1619","230","65","Bianca Foster","79","Anastasia Trading","P_Bar","Bart O'Keefe","F_Ral","Ralph Wigwam","Angus","S","2","4","796.00","2.83","9010.72","N
"C1619","1619","231","88","Hanna Collier","56","Marshall Leach","F_Mik","Micheal Angel","F_Mik","Micheal Angel","Angus","S","2","9","631.00","2.76","15674.04","N
"C1619","1619","231","88","Samson Pollard","56","Marshall Leach","F_Mik","Micheal Angel","F_Mik","Micheal Angel","Angus","S","2","9","631.00","2.76","15674.04","N
"C1619","1619","232","40","Ayala Farms","62","Camden Hatfield","F_Dav","David Sidebottom","F_Don","Donald Quagley","Angus","S","4","17","777.00","3.47","45835.23","N
"C1619","1619","233","74","Bright Farms","59","Lee Chase","F_Don","Donald Quagley","F_Don","Donald Quagley","Angus X","S","2","7","826.00","3.01","17403.82","N
"C1619","1619","234","60","Illiana Maldonado","63","Nola Trading","D_Dav","Dave Doppler","D_Dav","Dave Doppler","Hereford","H","3","6","546.00","3.35","10974.60","N
"C1619","1619","235","85","Germane Blackburn","39","Meghan Dalton","F_Leo","Leonardo Capris","F_Mik","Micheal Angel","Angus","B","2","2","797.00","3.09","4925.46","N
"C1619","1619","236","40","Ayala Farms","73","Marks Farms","F_Dav","David Sidebottom","F_Don","Donald Quagley","Angus X","S","2","14","752.00","3.47","36532.16","N
"C1619","1619","237","39","Meghan Dalton","61","Rosales Farms","F_Ral","Ralph Wigwam","F_Ral","Ralph Wigwam","Charolais","B","2","1","878.00","3.00","2634.00","N
"C1619","1619","238","78","Dillard Farms","65","Bianca Foster","D_Dav","Dave Doppler","D_Dav","Dave Doppler","Fresian","B","2","10","609.00","3.29","20036.10","N
"C1619","1619","239","101","Barclay Barr","66","Jocelyn Dickson","F_Dav","David Sidebottom","F_Mik","Micheal Angel","Fresian X","S","2","7","512.00","2.90","10393.60","N
"C1619","1619","239","101","Everett Farms","66","Jocelyn Dickson","F_Dav","David Sidebottom","F_Mik","Micheal Angel","Fresian X","S","2","7","512.00","2.90","10393.60","N
"C1619","1619","240","70","Brody Stanley","77","Macdonald Farms","P_Bar","Bart O'Keefe","P_Jan","Jane Jetson","Angus","H","3","17","1087.00","2.93","54143.47","N
"C1619","1619","241","59","Lee Chase","78","Dillard Farms","D_Dav","Dave Doppler","D_Dav","Dave Doppler","Angus","H","3","8","753.00","3.39","20421.36","N
"C1619","1619","242","41","Burch Farms","46","Valenzuela Farms","P_Jan","Jane Jetson","P_Jan","Jane Jetson","Angus","B","1","9","564.00","3.46","17562.96","N
"C1619","1619","243","62","Camden Hatfield","46","Valenzuela Farms","P_Lis","Lisa Andrewson","P_Jan","Jane Jetson","Angus X","S","1","8","1096.00","2.99","26216.32","N
"C1619","1619","244","59","Lee Chase","78","Dillard Farms","D_Dav","Dave Doppler","D_Dav","Dave Doppler","Hereford","S","2","7","887.00","2.86","17757.74","N
"C1619","1619","245","42","Daniel Farms","56","Marshall Leach","F_Don","Donald Quagley","F_Don","Donald Quagley","Angus","S","2","15","545.00","3.28","26814.00","N
"C1619","1619","246","87","Fitzpatrick Farms","54","Roary Gillespie","P_Bar","Bart O'Keefe","P_Jan","Jane Jetson","Angus X","S","3","5","650.00","3.03","9847.50","N
"C1619","1619","246","87","Grady Blevins","54","Roary Gillespie","P_Bar","Bart O'Keefe","P_Jan","Jane Jetson","Angus X","S","3","5","650.00","3.03","9847.50","N
"C1619","1619","247","38","Hermione Compton","64","Vernon Mcgee","P_Jan","Jane Jetson","P_Jan","Jane Jetson","Charolais","H","3","7","767.00","2.75","14764.75","N
"C1619","1619","248","41","Burch Farms","73","Marks Farms","P_Jan","Jane Jetson","P_Jan","Jane Jetson","Fresian","B","3","4","922.00","3.05","11248.40","N
"C1619","1619","249","40","Ayala Farms","39","Meghan Dalton","F_Dav","David Sidebottom","F_Don","Donald Quagley","Fresian X","S","2","13","607.00","2.80","22094.80","N
"C1619","1619","250","58","Brent Ramirez","75","Autumn Mooney","P_Jan","Jane Jetson","P_Jan","Jane Jetson","Angus","B","2","9","526.00","3.27","15480.18","N
"C1619","1619","251","85","Germane Blackburn","62","Camden Hatfield","F_Leo","Leonardo Capris","F_Mik","Micheal Angel","Angus","B","2","3","1032.00","2.97","9195.12","N
"C1619","1619","252","41","Burch Farms","66","Jocelyn Dickson","P_Jan","Jane Jetson","P_Jan","Jane Jetson","Beef X","S","2","4","736.00","3.32","9774.08","N
"C1619","1619","253","59","Lee Chase","77","Macdonald Farms","D_Dav","Dave Doppler","D_Dav","Dave Doppler","Angus","H","4","4","699.00","2.78","7772.88","N
"C1619","1619","254","88","Hanna Collier","54","Roary Gillespie","F_Mik","Micheal Angel","F_Mik","Micheal Angel","Angus X","H","4","20","970.00","2.65","51410.00","N
"C1619","1619","254","88","Samson Pollard","54","Roary Gillespie","F_Mik","Micheal Angel","F_Mik","Micheal Angel","Angus X","H","4","20","970.00","2.65","51410.00","N
"C1619","1619","255","57","Gannon Trading","77","Macdonald Farms","P_Jan","Jane Jetson","P_Jan","Jane Jetson","Hereford","B","2","16","885.00","2.67","37807.20","N
"C1619","1619","256","38","Hermione Compton","61","Rosales Farms","P_Jan","Jane Jetson","P_Jan","Jane Jetson","Angus","S","3","5","955.00","2.90","13847.50","N
"C1619","1619","257","76","Hasad Harrington","61","Rosales Farms","D_Big","Alister Byng","D_Big","Alister Byng","Angus X","S","2","8","974.00","3.11","24233.12","N
"C1619","1619","258","60","Illiana Maldonado","56","Marshall Leach","D_Dav","Dave Doppler","D_Dav","Dave Doppler","Charolais","S","2","8","872.00","2.77","19323.52","N
"C1619","1619","259","84","Hardin Farms","39","Meghan Dalton","F_Shr","Homer Palin","F_Ral","Ralph Wigwam","Fresian","S","2","15","611.00","2.82","25845.30","N
"C1619","1619","260","61","Rosales Farms","75","Autumn Mooney","F_Mic","Michael Krueger","F_Mik","Micheal Angel","Fresian X","H","2","10","758.00","3.23","24483.40","N
"C1619","1619","261","38","Hermione Compton","80","Ina Trading","P_Jan","Jane Jetson","P_Jan","Jane Jetson","Angus","B","2","8","796.00","3.34","21269.12","N
"C1619","1619","262","39","Meghan Dalton","66","Jocelyn Dickson","F_Ral","Ralph Wigwam","F_Ral","Ralph Wigwam","Angus","S","3","10","926.00","3.50","32410.00","N
"C1619","1619","263","70","Brody Stanley","74","Bright Farms","P_Bar","Bart O'Keefe","P_Jan","Jane Jetson","Beef X","B","3","2","929.00","2.82","5239.56","N
"C1619","1619","264","76","Hasad Harrington","61","Rosales Farms","D_Big","Alister Byng","D_Big","Alister Byng","Beef X","B","1","8","737.00","3.04","17923.84","N
"C1619","1619","265","74","Bright Farms","66","Jocelyn Dickson","F_Don","Donald Quagley","F_Don","Donald Quagley","Beef X","S","1","5","937.00","2.69","12602.65","N
"C1619","1619","266","62","Camden Hatfield","60","Illiana Maldonado","P_Lis","Lisa Andrewson","P_Jan","Jane Jetson","Beef X","H","2","20","1003.00","2.75","55165.00","N
"C1619","1619","267","39","Meghan Dalton","62","Camden Hatfield","F_Ral","Ralph Wigwam","F_Ral","Ralph Wigwam","Beef X","H","2","13","960.00","2.60","32448.00","N
"C1619","1619","268","38","Hermione Compton","62","Camden Hatfield","P_Jan","Jane Jetson","P_Jan","Jane Jetson","Beef X","B","3","13","1001.00","2.95","38388.35","N
"C1620","1620","1","57","Gannon Trading","65","Bianca Foster","P_Jan","Jane Jetson","P_Jan","Jane Jetson","Angus X","B","1","13","656.00","2.98","25413.44"," "
"C1620","1620","2","65","Bianca Foster","62","Camden Hatfield","P_Bar","Bart O'Keefe","P_Jan","Jane Jetson","Angus","H","3","9","862.00","3.43","26609.94"," "
"C1620","1620","3","41","Burch Farms","46","Valenzuela Farms","P_Jan","Jane Jetson","P_Jan","Jane Jetson","Angus","S","2","8","560.00","3.24","14515.20"," "
"C1620","1620","4","41","Burch Farms","56","Marshall Leach","P_Jan","Jane Jetson","P_Jan","Jane Jetson","Hereford","B","2","8","889.00","2.80","19913.60"," "
"C1620","1620","5","78","Dillard Farms","39","Meghan Dalton","D_Dav","Dave Doppler","D_Dav","Dave Doppler","Charolais","B","3","7","545.00","3.04","11597.60"," "
"C1620","1620","6","86","Juliet Hayes","61","Rosales Farms","F_Shr","Homer Palin","F_Ral","Ralph Wigwam","Fresian","S","2","11","869.00","3.07","29346.13"," "
"C1620","1620","7","43","Carr Farms","54","Roary Gillespie","F_Shr","Homer Palin","F_Mik","Micheal Angel","Angus","S","2","17","777.00","3.05","40287.45"," "
"C1620","1620","8","87","Fitzpatrick Farms","75","Autumn Mooney","P_Bar","Bart O'Keefe","P_Jan","Jane Jetson","Angus","S","3","20","505.00","2.96","29896.00"," "
"C1620","1620","8","87","Grady Blevins","75","Autumn Mooney","P_Bar","Bart O'Keefe","P_Jan","Jane Jetson","Angus","S","3","20","505.00","2.96","29896.00"," "
"C1620","1620","9","87","Fitzpatrick Farms","65","Bianca Foster","P_Bar","Bart O'Keefe","P_Jan","Jane Jetson","Charolais","S","2","20","502.00","3.16","31726.40"," "
"C1620","1620","9","87","Grady Blevins","65","Bianca Foster","P_Bar","Bart O'Keefe","P_Jan","Jane Jetson","Charolais","S","2","20","502.00","3.16","31726.40"," "
"C1620","1620","10","43","Carr Farms","60","Illiana Maldonado","F_Shr","Homer Palin","F_Mik","Micheal Angel","Angus X","S","2","4","624.00","3.10","7737.60"," "
"C1620","1620","11","61","Rosales Farms","66","Jocelyn Dickson","F_Mic","Michael Krueger","F_Mik","Micheal Angel","Charolais","S","3","14","864.00","3.18","38465.28"," "
"C1620","1620","12","86","Juliet Hayes","75","Autumn Mooney","F_Shr","Homer Palin","F_Ral","Ralph Wigwam","Angus","B","2","7","788.00","N,"N,""
"C1620","1620","13","58","Brent Ramirez","39","Meghan Dalton","P_Jan","Jane Jetson","P_Jan","Jane Jetson","Angus X","H","2","10","582.00","3.46","20137.20"," "
"C1620","1620","14","39","Meghan Dalton","62","Camden Hatfield","F_Ral","Ralph Wigwam","F_Ral","Ralph Wigwam","Hereford","S","2","14","627.00","3.18","27914.04"," "
"C1620","1620","15","85","Germane Blackburn","65","Bianca Foster","F_Leo","Leonardo Capris","F_Mik","Micheal Angel","Angus X","H","3","13","945.00","3.43","42137.55"," "
"C1620","1620","16","39","Meghan Dalton","64","Vernon Mcgee","F_Ral","Ralph Wigwam","F_Ral","Ralph Wigwam","Fresian","S","2","15","923.00","2.78","38489.10"," "
"C1620","1620","17","39","Meghan Dalton","63","Nola Trading","F_Ral","Ralph Wigwam","F_Ral","Ralph Wigwam","Angus X","S","3","3","723.00","2.75","5964.75"," "
"C1620","1620","18","43","Carr Farms","54","Roary Gillespie","F_Shr","Homer Palin","F_Ral","Ralph Wigwam","Angus","S","2","3","675.00","2.99","6054.75"," "
"C1620","1620","19","77","Macdonald Farms","80","Ina Trading","F_Don","Donald Quagley","F_Don","Donald Quagley","Angus","S","3","12","766.00","2.88","26472.96"," "
"C1620","1620","20","60","Illiana Maldonado","77","Macdonald Farms","D_Dav","Dave Doppler","D_Dav","Dave Doppler","Fresian X","B","3","20","751.00","2.92","43858.40"," "
"C1620","1620","21","74","Bright Farms","74","Bright Farms","F_Don","Donald Quagley","F_Don","Donald Quagley","Hereford","S","2","11","629.00","2.97","20549.43"," "
"C1620","1620","22","70","Brody Stanley","61","Rosales Farms","P_Bar","Bart O'Keefe","P_Jan","Jane Jetson","Angus X","S","2","2","1017.00","3.35","6813.90"," "
"C1620","1620","23","87","Fitzpatrick Farms","54","Roary Gillespie","P_Bar","Bart O'Keefe","P_Jan","Jane Jetson","Beef X","S","1","2","901.00","N,"N,""
"C1620","1620","23","87","Grady Blevins","54","Roary Gillespie","P_Bar","Bart O'Keefe","P_Jan","Jane Jetson","Beef X","S","1","2","901.00","N,"N,""
"C1620","1620","24","37","Cecilia Trading","59","Lee Chase","F_Mic","Michael Krueger","F_Don","Donald Quagley","Fresian X","B","2","3","996.00","3.13","9352.44"," "
"C1620","1620","25","41","Burch Farms","66","Jocelyn Dickson","P_Jan","Jane Jetson","P_Jan","Jane Jetson","Angus","S","2","18","611.00","3.12","34313.76"," "
"C1620","1620","26","38","Hermione Compton","74","Bright Farms","P_Jan","Jane Jetson","P_Jan","Jane Jetson","Fresian X","S","1","10","687.00","2.74","18823.80"," "
"C1620","1620","27","85","Germane Blackburn","46","Valenzuela Farms","F_Leo","Leonardo Capris","F_Mik","Micheal Angel","Fresian X","S","2","3","904.00","2.85","7729.20"," "
"C1620","1620","28","69","Adena Rich","60","Illiana Maldonado","D_Dav","Dave Doppler","D_Dav","Dave Doppler","Angus","S","3","4","673.00","2.73","7349.16"," "
"C1620","1620","29","69","Adena Rich","66","Jocelyn Dickson","D_Dav","Dave Doppler","D_Dav","Dave Doppler","Fresian X","S","2","9","631.00","3.24","18399.96"," "
"C1620","1620","30","41","Burch Farms","64","Vernon Mcgee","P_Jan","Jane Jetson","P_Jan","Jane Jetson","Angus X","H","2","11","855.00","2.71","25487.55"," "
"C1620","1620","31","69","Adena Rich","61","Rosales Farms","D_Dav","Dave Doppler","D_Dav","Dave Doppler","Fresian","H","2","2","630.00","3.44","4334.40"," "
"C1620","1620","32","69","Adena Rich","79","Anastasia Trading","D_Dav","Dave Doppler","D_Dav","Dave Doppler","Hereford","S","2","4","614.00","3.08","7564.48"," "
"C1620","1620","33","88","Hanna Collier","61","Rosales Farms","F_Mik","Micheal Angel","F_Mik","Micheal Angel","Hereford","H","2","5","1055.00","3.16","16669.00"," "
"C1620","1620","33","88","Samson Pollard","61","Rosales Farms","F_Mik","Micheal Angel","F_Mik","Micheal Angel","Hereford","H","2","5","1055.00","3.16","16669.00"," "
"C1620","1620","34","58","Brent Ramirez","75","Autumn Mooney","P_Jan","Jane Jetson","P_Jan","Jane Jetson","Fresian X","H","2","7","909.00","3.45","21952.35"," "
"C1620","1620","35","69","Adena Rich","64","Vernon Mcgee","D_Dav","Dave Doppler","D_Dav","Dave Doppler","Fresian","B","3","5","1065.00","2.93","15602.25"," "
"C1620","1620","36","65","Bianca Foster","56","Marshall Leach","P_Bar","Bart O'Keefe","F_Ral","Ralph Wigwam","Fresian X","H","4","13","678.00","N,"N,""
"C1620","1620","37","87","Fitzpatrick Farms","60","Illiana Maldonado","P_Bar","Bart O'Keefe","P_Jan","Jane Jetson","Angus X","S","2","7","787.00","3.25","17904.25"," "
"C1620","1620","37","87","Grady Blevins","60","Illiana Maldonado","P_Bar","Bart O'Keefe","P_Jan","Jane Jetson","Angus X","S","2","7","787.00","3.25","17904.25"," "
"C1620","1620","38","61","Rosales Farms","62","Camden Hatfield","F_Mic","Michael Krueger","F_Mik","Micheal Angel","Angus","S","2","17","1088.00","3.24","59927.04"," "
"C1620","1620","39","41","Burch Farms","56","Marshall Leach","P_Jan","Jane Jetson","P_Jan","Jane Jetson","Angus","B","2","16","987.00","2.84","44849.28"," "
"C1620","1620","40","58","Brent Ramirez","61","Rosales Farms","P_Jan","Jane Jetson","P_Jan","Jane Jetson","Angus","S","3","12","1004.00","3.22","38794.56"," "
"C1620","1620","41","60","Illiana Maldonado","63","Nola Trading","D_Dav","Dave Doppler","D_Dav","Dave Doppler","Fresian","S","3","3","1024.00","3.44","10567.68"," "
"C1620","1620","42","42","Daniel Farms","66","Jocelyn Dickson","F_Don","Donald Quagley","F_Don","Donald Quagley","Fresian","B","2","9","867.00","3.18","24813.54"," "
"C1620","1620","43","32","Kirk Cameron","46","Valenzuela Farms","P_Lis","Lisa Andrewson","P_Jan","Jane Jetson","Angus X","B","2","1","530.00","2.96","1568.80"," "
"C1620","1620","44","37","Cecilia Trading","46","Valenzuela Farms","F_Mic","Michael Krueger","F_Don","Donald Quagley","Charolais","H","2","17","658.00","3.37","37696.82"," "
"C1620","1620","45","86","Juliet Hayes","60","Illiana Maldonado","F_Shr","Homer Palin","F_Mik","Micheal Angel","Angus X","B","2","4","602.00","2.94","7079.52"," "
"C1620","1620","46","65","Bianca Foster","39","Meghan Dalton","P_Bar","Bart O'Keefe","P_Jan","Jane Jetson","Angus","B","3","9","669.00","2.86","17220.06"," "
"C1620","1620","49","101","Barclay Barr","39","Meghan Dalton","F_Dav","David Sidebottom","F_Mik","Micheal Angel","Angus","B","4","19","601.00","2.83","32315.77"," "
"C1620","1620","49","101","Everett Farms","39","Meghan Dalton","F_Dav","David Sidebottom","F_Mik","Micheal Angel","Angus","B","4","19","601.00","2.83","32315.77"," "
"C1620","1620","50","84","Hardin Farms","59","Lee Chase","F_Shr","Homer Palin","F_Ral","Ralph Wigwam","Angus","H","1","11","526.00","2.64","15275.04"," "
"C1620","1620","51","42","Daniel Farms","79","Anastasia Trading","F_Don","Donald Quagley","F_Don","Donald Quagley","Angus","S","3","4","984.00","3.28","12910.08"," "
"C1620","1620","52","42","Daniel Farms","79","Anastasia Trading","F_Don","Donald Quagley","F_Don","Donald Quagley","Angus","H","3","10","1008.00","3.21","32356.80"," "
"C1620","1620","53","65","Bianca Foster","61","Rosales Farms","P_Bar","Bart O'Keefe","P_Jan","Jane Jetson","Angus","H","4","8","617.00","2.88","14215.68"," "
"C1620","1620","54","78","Dillard Farms","54","Roary Gillespie","D_Dav","Dave Doppler","D_Dav","Dave Doppler","Angus X","S","2","16","520.00","2.92","24294.40"," "
"C1620","1620","55","43","Carr Farms","77","Macdonald Farms","F_Shr","Homer Palin","F_Ral","Ralph Wigwam","Angus","H","3","7","563.00","2.78","10955.98"," "
"C1620","1620","56","87","Fitzpatrick Farms","46","Valenzuela Farms","P_Bar","Bart O'Keefe","P_Jan","Jane Jetson","Fresian X","H","2","16","771.00","2.60","32073.60"," "
"C1620","1620","56","87","Grady Blevins","46","Valenzuela Farms","P_Bar","Bart O'Keefe","P_Jan","Jane Jetson","Fresian X","H","2","16","771.00","2.60","32073.60"," "
"C1620","1620","57","78","Dillard Farms","78","Dillard Farms","D_Dav","Dave Doppler","D_Dav","Dave Doppler","Angus X","S","3","13","614.00","3.25","25941.50"," "
"C1620","1620","58","84","Hardin Farms","60","Illiana Maldonado","F_Shr","Homer Palin","F_Ral","Ralph Wigwam","Angus X","S","2","15","994.00","2.92","43537.20"," "
"C1620","1620","59","58","Brent Ramirez","75","Autumn Mooney","P_Jan","Jane Jetson","P_Jan","Jane Jetson","Angus X","S","1","3","1061.00","3.36","10694.88"," "
"C1620","1620","60","76","Hasad Harrington","66","Jocelyn Dickson","D_Big","Alister Byng","D_Big","Alister Byng","Hereford","B","2","1","507.00","3.06","1551.42"," "
"C1620","1620","61","39","Meghan Dalton","62","Camden Hatfield","F_Ral","Ralph Wigwam","F_Ral","Ralph Wigwam","Fresian X","B","3","2","1035.00","2.73","5651.10"," "
"C1620","1620","62","88","Hanna Collier","75","Autumn Mooney","F_Mik","Micheal Angel","F_Mik","Micheal Angel","Angus","S","2","6","590.00","3.14","11115.60"," "
"C1620","1620","62","88","Samson Pollard","75","Autumn Mooney","F_Mik","Micheal Angel","F_Mik","Micheal Angel","Angus","S","2","6","590.00","3.14","11115.60"," "
"C1620","1620","63","88","Hanna Collier","56","Marshall Leach","F_Mik","Micheal Angel","F_Mik","Micheal Angel","Hereford","B","2","9","735.00","2.98","19712.70"," "
"C1620","1620","63","88","Samson Pollard","56","Marshall Leach","F_Mik","Micheal Angel","F_Mik","Micheal Angel","Hereford","B","2","9","735.00","2.98","19712.70"," "
"C1620","1620","64","85","Germane Blackburn","62","Camden Hatfield","F_Leo","Leonardo Capris","F_Mik","Micheal Angel","Fresian","S","2","17","880.00","2.73","40840.80"," "
"C1620","1620","65","59","Lee Chase","80","Ina Trading","D_Dav","Dave Doppler","D_Dav","Dave Doppler","Angus X","S","2","9","520.00","2.74","12823.20"," "
"C1620","1620","66","32","Kirk Cameron","48","Melissa Ruiz","P_Lis","Lisa Andrewson","P_Jan","Jane Jetson","Angus","H","2","5","1088.00","2.70","14688.00"," "
"C1620","1620","67","101","Barclay Barr","61","Rosales Farms","F_Dav","David Sidebottom","F_Mik","Micheal Angel","Fresian X","S","2","5","675.00","2.65","8943.75"," "
"C1620","1620","67","101","Everett Farms","61","Rosales Farms","F_Dav","David Sidebottom","F_Mik","Micheal Angel","Fresian X","S","2","5","675.00","2.65","8943.75"," "
"C1620","1620","68","57","Gannon Trading","63","Nola Trading","P_Jan","Jane Jetson","P_Jan","Jane Jetson","Angus","H","2","7","903.00","2.79","17635.59"," "
"C1620","1620","69","60","Illiana Maldonado","65","Bianca Foster","D_Dav","Dave Doppler","D_Dav","Dave Doppler","Fresian","S","1","4","1070.00","2.94","12583.20"," "
"C1620","1620","70","40","Ayala Farms","56","Marshall Leach","F_Dav","David Sidebottom","F_Don","Donald Quagley","Angus","B","2","5","677.00","3.17","10730.45"," "
"C1620","1620","71","49","Aiko Swanson","74","Bright Farms","F_Mik","Micheal Angel","F_Mik","Micheal Angel","Fresian","S","2","8","643.00","3.36","17283.84"," "
"C1620","1620","72","32","Kirk Cameron","65","Bianca Foster","P_Lis","Lisa Andrewson","P_Jan","Jane Jetson","Angus X","S","1","9","850.00","3.01","23026.50"," "
"C1620","1620","73","58","Brent Ramirez","56","Marshall Leach","P_Jan","Jane Jetson","P_Jan","Jane Jetson","Angus","S","1","19","931.00","2.97","52536.33"," "
"C1620","1620","74","65","Bianca Foster","80","Ina Trading","P_Bar","Bart O'Keefe","P_Jan","Jane Jetson","Angus","S","2","12","549.00","3.16","20818.08"," "
"C1620","1620","75","39","Meghan Dalton","79","Anastasia Trading","F_Ral","Ralph Wigwam","F_Ral","Ralph Wigwam","Angus","H","3","9","979.00","2.72","23965.92"," "
"C1620","1620","76","38","Hermione Compton","79","Anastasia Trading","P_Jan","Jane Jetson","P_Jan","Jane Jetson","Hereford","B","3","4","671.00","3.07","8239.88"," "
"C1620","1620","77","41","Burch Farms","62","Camden Hatfield","P_Jan","Jane Jetson","P_Jan","Jane Jetson","Angus X","S","2","7","1034.00","3.16","22872.08"," "
"C1620","1620","78","58","Brent Ramirez","80","Ina Trading","P_Jan","Jane Jetson","P_Jan","Jane Jetson","Angus","S","2","17","841.00","2.65","37887.05"," "
"C1620","1620","79","58","Brent Ramirez","78","Dillard Farms","P_Jan","Jane Jetson","P_Jan","Jane Jetson","Charolais","B","2","5","895.00","2.83","12664.25"," "
"C1620","1620","80","39","Meghan Dalton","65","Bianca Foster","F_Ral","Ralph Wigwam","F_Ral","Ralph Wigwam","Angus","H","2","4","967.00","3.34","12919.12"," "
"C1620","1620","81","61","Rosales Farms","56","Marshall Leach","F_Mic","Michael Krueger","F_Mik","Micheal Angel","Charolais","S","2","3","977.00","3.38","9906.78"," "
"C1620","1620","82","43","Carr Farms","65","Bianca Foster","F_Shr","Homer Palin","F_Mik","Micheal Angel","Angus","B","1","8","773.00","2.73","16882.32"," "
"C1620","1620","83","43","Carr Farms","66","Jocelyn Dickson","F_Shr","Homer Palin","F_Mik","Micheal Angel","Charolais","H","3","2","573.00","3.29","3770.34"," "
"C1620","1620","84","41","Burch Farms","59","Lee Chase","P_Jan","Jane Jetson","P_Jan","Jane Jetson","Angus X","S","3","7","826.00","2.83","16363.06"," "
"C1620","1620","85","86","Juliet Hayes","65","Bianca Foster","F_Shr","Homer Palin","F_Ral","Ralph Wigwam","Angus","B","2","4","529.00","2.64","5586.24"," "
"C1620","1620","86","101","Barclay Barr","39","Meghan Dalton","F_Dav","David Sidebottom","F_Mik","Micheal Angel","Angus X","S","4","17","894.00","2.83","43010.34"," "
"C1620","1620","86","101","Everett Farms","39","Meghan Dalton","F_Dav","David Sidebottom","F_Mik","Micheal Angel","Angus X","S","4","17","894.00","2.83","43010.34"," "
"C1620","1620","87","43","Carr Farms","61","Rosales Farms","F_Shr","Homer Palin","F_Mik","Micheal Angel","Angus X","S","3","4","739.00","3.39","10020.84"," "
"C1620","1620","88","34","Kylynn Trading","77","Macdonald Farms","F_Mic","Michael Krueger","F_Don","Donald Quagley","Fresian X","H","2","2","789.00","3.06","4828.68"," "
"C1620","1620","89","84","Hardin Farms","60","Illiana Maldonado","F_Shr","Homer Palin","F_Ral","Ralph Wigwam","Angus","S","2","18","815.00","3.41","50024.70"," "
"C1620","1620","90","41","Burch Farms","48","Melissa Ruiz","P_Jan","Jane Jetson","P_Jan","Jane Jetson","Fresian","H","3","13","912.00","3.04","36042.24"," "
"C1620","1620","91","58","Brent Ramirez","56","Marshall Leach","P_Jan","Jane Jetson","P_Jan","Jane Jetson","Charolais","S","3","12","710.00","2.84","24196.80"," "
"C1620","1620","92","86","Juliet Hayes","66","Jocelyn Dickson","F_Shr","Homer Palin","F_Ral","Ralph Wigwam","Angus","H","2","4","930.00","2.77","10304.40"," "
"C1620","1620","93","61","Rosales Farms","61","Rosales Farms","F_Mic","Michael Krueger","F_Mik","Micheal Angel","Fresian X","B","2","7","804.00","2.77","15589.56"," "
"C1620","1620","94","85","Germane Blackburn","61","Rosales Farms","F_Leo","Leonardo Capris","F_Mik","Micheal Angel","Hereford","S","4","6","669.00","3.41","13687.74"," "
"C1620","1620","95","69","Adena Rich","73","Marks Farms","D_Dav","Dave Doppler","D_Dav","Dave Doppler","Hereford","H","2","9","993.00","3.45","30832.65"," "
"C1620","1620","96","65","Bianca Foster","60","Illiana Maldonado","P_Bar","Bart O'Keefe","P_Jan","Jane Jetson","Fresian X","B","3","5","914.00","3.16","14441.20"," "
"C1620","1620","97","62","Camden Hatfield","75","Autumn Mooney","P_Lis","Lisa Andrewson","P_Jan","Jane Jetson","Fresian","B","2","5","956.00","2.87","13718.60"," "
"C1620","1620","98","86","Juliet Hayes","78","Dillard Farms","F_Shr","Homer Palin","F_Ral","Ralph Wigwam","Angus X","H","3","15","534.00","3.25","26032.50"," "
"C1620","1620","99","60","Illiana Maldonado","62","Camden Hatfield","D_Dav","Dave Doppler","D_Dav","Dave Doppler","Angus","B","1","3","948.00","3.17","9015.48"," "
"C1620","1620","101","34","Kylynn Trading","62","Camden Hatfield","F_Mic","Michael Krueger","F_Don","Donald Quagley","Fresian","S","3","15","582.00","3.21","28023.30"," "
"C1620","1620","102","60","Illiana Maldonado","60","Illiana Maldonado","D_Dav","Dave Doppler","D_Dav","Dave Doppler","Charolais","B","2","3","548.00","3.47","5704.68"," "
"C1620","1620","103","57","Gannon Trading","56","Marshall Leach","P_Jan","Jane Jetson","P_Jan","Jane Jetson","Angus","S","3","4","771.00","3.30","10177.20"," "
"C1620","1620","104","40","Ayala Farms","75","Autumn Mooney","F_Dav","David Sidebottom","F_Don","Donald Quagley","Fresian","S","2","20","689.00","2.68","36930.40"," "
"C1620","1620","105","40","Ayala Farms","65","Bianca Foster","F_Dav","David Sidebottom","F_Don","Donald Quagley","Angus X","S","2","18","653.00","2.69","31618.26"," "
"C1620","1620","106","59","Lee Chase","39","Meghan Dalton","D_Dav","Dave Doppler","D_Dav","Dave Doppler","Angus X","H","2","9","615.00","3.29","18210.15"," "
"C1620","1620","107","39","Meghan Dalton","46","Valenzuela Farms","F_Ral","Ralph Wigwam","F_Ral","Ralph Wigwam","Hereford","S","3","20","952.00","2.84","54073.60"," "
"C1620","1620","108","100","Barrett Fuller","65","Bianca Foster","F_Leo","Leonardo Capris","F_Don","Donald Quagley","Angus","S","2","8","790.00","3.28","20729.60"," "
"C1620","1620","108","100","Barclay Barr","65","Bianca Foster","F_Leo","Leonardo Capris","F_Don","Donald Quagley","Angus","S","2","8","790.00","3.28","20729.60"," "
"C1620","1620","110","70","Brody Stanley","80","Ina Trading","P_Bar","Bart O'Keefe","P_Jan","Jane Jetson","Angus","H","1","19","1021.00","2.62","50825.38"," "
"C1620","1620","111","42","Daniel Farms","77","Macdonald Farms","F_Don","Donald Quagley","F_Don","Donald Quagley","Fresian X","B","2","4","506.00","3.20","6476.80"," "
"C1620","1620","112","101","Barclay Barr","59","Lee Chase","F_Dav","David Sidebottom","F_Mik","Micheal Angel","Angus","B","2","15","618.00","3.34","30961.80"," "
"C1620","1620","112","101","Everett Farms","59","Lee Chase","F_Dav","David Sidebottom","F_Mik","Micheal Angel","Angus","B","2","15","618.00","3.34","30961.80"," "
"C1620","1620","113","87","Fitzpatrick Farms","54","Roary Gillespie","P_Bar","Bart O'Keefe","P_Jan","Jane Jetson","Angus","S","3","8","571.00","3.47","15850.96"," "
"C1620","1620","113","87","Grady Blevins","54","Roary Gillespie","P_Bar","Bart O'Keefe","P_Jan","Jane Jetson","Angus","S","3","8","571.00","3.47","15850.96"," "
"C1620","1620","114","57","Gannon Trading","77","Macdonald Farms","P_Jan","Jane Jetson","P_Jan","Jane Jetson","Charolais","B","2","1","983.00","2.78","2732.74"," "
"C1620","1620","115","101","Barclay Barr","61","Rosales Farms","F_Dav","David Sidebottom","F_Mik","Micheal Angel","Angus","H","2","9","1024.00","2.67","24606.72"," "
"C1620","1620","115","101","Everett Farms","61","Rosales Farms","F_Dav","David Sidebottom","F_Mik","Micheal Angel","Angus","H","2","9","1024.00","2.67","24606.72"," "
"C1620","1620","116","58","Brent Ramirez","74","Bright Farms","P_Jan","Jane Jetson","P_Jan","Jane Jetson","Charolais","B","2","4","950.00","2.63","9994.00"," "
"C1620","1620","117","70","Brody Stanley","63","Nola Trading","P_Bar","Bart O'Keefe","P_Jan","Jane Jetson","Angus","B","3","9","733.00","2.70","17811.90"," "
"C1620","1620","118","74","Bright Farms","61","Rosales Farms","F_Don","Donald Quagley","F_Don","Donald Quagley","Angus X","S","2","6","861.00","3.38","17461.08"," "
"C1620","1620","119","39","Meghan Dalton","74","Bright Farms","F_Ral","Ralph Wigwam","F_Ral","Ralph Wigwam","Angus","S","3","7","516.00","2.61","9427.32"," "
"C1620","1620","121","88","Hanna Collier","61","Rosales Farms","F_Mik","Micheal Angel","F_Mik","Micheal Angel","Angus","H","2","19","528.00","2.75","27588.00"," "
"C1620","1620","121","88","Samson Pollard","61","Rosales Farms","F_Mik","Micheal Angel","F_Mik","Micheal Angel","Angus","H","2","19","528.00","2.75","27588.00"," "
"C1620","1620","122","57","Gannon Trading","79","Anastasia Trading","P_Jan","Jane Jetson","P_Jan","Jane Jetson","Angus","S","1","16","680.00","3.06","33292.80"," "
"C1620","1620","123","69","Adena Rich","79","Anastasia Trading","D_Dav","Dave Doppler","D_Dav","Dave Doppler","Angus X","H","2","7","615.00","2.62","11279.10"," "
"C1620","1620","124","38","Hermione Compton","66","Jocelyn Dickson","P_Jan","Jane Jetson","P_Jan","Jane Jetson","Fresian X","B","1","8","556.00","3.45","15345.60"," "
"C1620","1620","125","38","Hermione Compton","48","Melissa Ruiz","P_Jan","Jane Jetson","P_Jan","Jane Jetson","Angus","B","3","3","634.00","3.48","6618.96"," "
"C1620","1620","126","57","Gannon Trading","46","Valenzuela Farms","P_Jan","Jane Jetson","P_Jan","Jane Jetson","Angus X","B","2","5","992.00","3.26","16169.60"," "
"C1620","1620","127","84","Hardin Farms","46","Valenzuela Farms","F_Shr","Homer Palin","F_Ral","Ralph Wigwam","Angus X","S","2","8","944.00","3.18","24015.36"," "
"C1620","1620","128","41","Burch Farms","77","Macdonald Farms","P_Jan","Jane Jetson","P_Jan","Jane Jetson","Angus X","S","2","4","749.00","3.06","9167.76"," "
"C1620","1620","129","61","Rosales Farms","79","Anastasia Trading","F_Mic","Michael Krueger","F_Mik","Micheal Angel","Angus X","B","2","11","764.00","2.63","22102.52"," "
"C1620","1620","130","87","Fitzpatrick Farms","66","Jocelyn Dickson","P_Bar","Bart O'Keefe","P_Jan","Jane Jetson","Angus X","B","4","3","577.00","2.71","4691.01"," "
"C1620","1620","130","87","Grady Blevins","66","Jocelyn Dickson","P_Bar","Bart O'Keefe","P_Jan","Jane Jetson","Angus X","B","4","3","577.00","2.71","4691.01"," "
"C1620","1620","131","59","Lee Chase","59","Lee Chase","D_Dav","Dave Doppler","D_Dav","Dave Doppler","Angus","S","2","9","729.00","2.78","18239.58"," "
"C1620","1620","132","40","Ayala Farms","61","Rosales Farms","F_Dav","David Sidebottom","F_Don","Donald Quagley","Angus","S","2","20","786.00","2.87","45116.40"," "
"C1620","1620","133","88","Hanna Collier","48","Melissa Ruiz","F_Mik","Micheal Angel","F_Mik","Micheal Angel","Fresian X","H","2","2","1074.00","2.62","5627.76"," "
"C1620","1620","133","88","Samson Pollard","48","Melissa Ruiz","F_Mik","Micheal Angel","F_Mik","Micheal Angel","Fresian X","H","2","2","1074.00","2.62","5627.76"," "
"C1620","1620","134","43","Carr Farms","54","Roary Gillespie","F_Shr","Homer Palin","F_Mik","Micheal Angel","Charolais","S","2","10","583.00","3.39","19763.70"," "
"C1620","1620","135","69","Adena Rich","78","Dillard Farms","D_Dav","Dave Doppler","D_Dav","Dave Doppler","Hereford","S","3","10","915.00","2.91","26626.50"," "
"C1620","1620","136","88","Hanna Collier","64","Vernon Mcgee","F_Mik","Micheal Angel","F_Mik","Micheal Angel","Hereford","S","2","2","908.00","3.39","6156.24"," "
"C1620","1620","136","88","Samson Pollard","64","Vernon Mcgee","F_Mik","Micheal Angel","F_Mik","Micheal Angel","Hereford","S","2","2","908.00","3.39","6156.24"," "
"C1620","1620","137","84","Hardin Farms","61","Rosales Farms","F_Shr","Homer Palin","F_Ral","Ralph Wigwam","Fresian X","S","3","11","755.00","2.73","22672.65"," "
"C1620","1620","138","39","Meghan Dalton","80","Ina Trading","F_Ral","Ralph Wigwam","F_Ral","Ralph Wigwam","Hereford","S","3","2","587.00","3.46","4062.04"," "
"C1620","1620","139","65","Bianca Foster","78","Dillard Farms","P_Bar","Bart O'Keefe","P_Jan","Jane Jetson","Charolais","S","2","9","891.00","3.20","25660.80"," "
"C1620","1620","140","70","Brody Stanley","39","Meghan Dalton","P_Bar","Bart O'Keefe","P_Jan","Jane Jetson","Angus","B","2","7","726.00","3.03","15398.46"," "
"C1620","1620","141","38","Hermione Compton","62","Camden Hatfield","P_Jan","Jane Jetson","P_Jan","Jane Jetson","Angus X","B","3","20","730.00","3.03","44238.00"," "
"C1620","1620","142","87","Fitzpatrick Farms","73","Marks Farms","P_Bar","Bart O'Keefe","P_Jan","Jane Jetson","Angus","B","2","15","536.00","3.48","27979.20"," "
"C1620","1620","142","87","Grady Blevins","73","Marks Farms","P_Bar","Bart O'Keefe","P_Jan","Jane Jetson","Angus","B","2","15","536.00","3.48","27979.20"," "
"C1620","1620","143","41","Burch Farms","56","Marshall Leach","P_Jan","Jane Jetson","P_Jan","Jane Jetson","Angus","S","2","1","662.00","2.85","1886.70"," "
"C1620","1620","144","43","Carr Farms","66","Jocelyn Dickson","F_Shr","Homer Palin","F_Ral","Ralph Wigwam","Angus","S","4","5","764.00","3.50","13370.00"," "
"C1620","1620","145","86","Juliet Hayes","77","Macdonald Farms","F_Shr","Homer Palin","F_Ral","Ralph Wigwam","Angus X","B","2","5","949.00","3.48","16512.60"," "
"C1620","1620","146","65","Bianca Foster","48","Melissa Ruiz","P_Bar","Bart O'Keefe","P_Jan","Jane Jetson","Fresian X","H","3","1","731.00","3.15","2302.65"," "
"C1620","1620","147","43","Carr Farms","59","Lee Chase","F_Shr","Homer Palin","F_Mik","Micheal Angel","Angus X","S","2","20","970.00","3.43","66542.00"," "
"C1620","1620","148","85","Germane Blackburn","78","Dillard Farms","F_Leo","Leonardo Capris","F_Mik","Micheal Angel","Angus X","B","3","11","569.00","3.09","19340.31"," "
"C1620","1620","149","42","Daniel Farms","66","Jocelyn Dickson","F_Don","Donald Quagley","F_Don","Donald Quagley","Hereford","B","3","2","829.00","3.44","5703.52"," "
"C1620","1620","150","40","Ayala Farms","74","Bright Farms","F_Dav","David Sidebottom","F_Don","Donald Quagley","Angus","S","1","6","1092.00","3.17","20769.84"," "
"C1620","1620","151","38","Hermione Compton","63","Nola Trading","P_Jan","Jane Jetson","P_Jan","Jane Jetson","Angus X","B","2","15","814.00","2.73","33333.30"," "
"C1620","1620","152","43","Carr Farms","61","Rosales Farms","F_Shr","Homer Palin","F_Mik","Micheal Angel","Angus","B","2","18","786.00","3.43","48527.64"," "
"C1620","1620","153","101","Barclay Barr","46","Valenzuela Farms","F_Dav","David Sidebottom","F_Mik","Micheal Angel","Angus","S","3","4","996.00","3.49","13904.16"," "
"C1620","1620","153","101","Everett Farms","46","Valenzuela Farms","F_Dav","David Sidebottom","F_Mik","Micheal Angel","Angus","S","3","4","996.00","3.49","13904.16"," "
"C1620","1620","154","39","Meghan Dalton","74","Bright Farms","F_Ral","Ralph Wigwam","F_Ral","Ralph Wigwam","Angus","B","2","7","680.00","2.73","12994.80"," "
"C1620","1620","155","77","Macdonald Farms","73","Marks Farms","F_Don","Donald Quagley","F_Don","Donald Quagley","Angus","S","2","19","759.00","3.21","46291.41"," "
"C1620","1620","156","58","Brent Ramirez","65","Bianca Foster","P_Jan","Jane Jetson","P_Jan","Jane Jetson","Angus","B","2","3","652.00","2.99","5848.44"," "
"C1620","1620","157","40","Ayala Farms","63","Nola Trading","F_Dav","David Sidebottom","F_Don","Donald Quagley","Angus","H","2","15","888.00","2.88","38361.60"," "
"C1620","1620","158","58","Brent Ramirez","61","Rosales Farms","P_Jan","Jane Jetson","P_Jan","Jane Jetson","Angus","B","2","3","825.00","2.70","6682.50"," "
"C1620","1620","159","78","Dillard Farms","65","Bianca Foster","D_Dav","Dave Doppler","D_Dav","Dave Doppler","Charolais","S","2","3","833.00","2.71","6772.29"," "
"C1620","1620","160","61","Rosales Farms","80","Ina Trading","F_Mic","Michael Krueger","F_Mik","Micheal Angel","Angus X","H","2","2","516.00","3.04","3137.28"," "
"C1620","1620","161","59","Lee Chase","78","Dillard Farms","D_Dav","Dave Doppler","D_Dav","Dave Doppler","Angus","S","3","5","930.00","2.89","13438.50"," "
"C1620","1620","162","101","Barclay Barr","62","Camden Hatfield","F_Dav","David Sidebottom","F_Mik","Micheal Angel","Fresian","H","3","12","981.00","3.25","38259.00"," "
"C1620","1620","162","101","Everett Farms","62","Camden Hatfield","F_Dav","David Sidebottom","F_Mik","Micheal Angel","Fresian","H","3","12","981.00","3.25","38259.00"," "
"C1620","1620","163","32","Kirk Cameron","73","Marks Farms","P_Lis","Lisa Andrewson","P_Jan","Jane Jetson","Charolais","H","2","20","558.00","3.30","36828.00"," "
"C1620","1620","164","86","Juliet Hayes","79","Anastasia Trading","F_Shr","Homer Palin","F_Ral","Ralph Wigwam","Charolais","H","1","14","585.00","2.70","22113.00"," "
"C1620","1620","165","41","Burch Farms","63","Nola Trading","P_Jan","Jane Jetson","P_Jan","Jane Jetson","Angus","B","3","15","726.00","3.50","38115.00"," "
"C1620","1620","166","74","Bright Farms","64","Vernon Mcgee","F_Don","Donald Quagley","F_Don","Donald Quagley","Hereford","H","2","12","617.00","2.89","21397.56"," "
"C1620","1620","167","49","Aiko Swanson","46","Valenzuela Farms","F_Mik","Micheal Angel","F_Mik","Micheal Angel","Angus X","H","3","4","1068.00","2.72","11619.84"," "
"C1620","1620","168","60","Illiana Maldonado","75","Autumn Mooney","D_Dav","Dave Doppler","D_Dav","Dave Doppler","Angus","B","4","13","909.00","3.00","35451.00"," "
"C1620","1620","169","85","Germane Blackburn","61","Rosales Farms","F_Leo","Leonardo Capris","F_Mik","Micheal Angel","Angus","S","2","16","860.00","2.87","39491.20"," "
"C1620","1620","170","34","Kylynn Trading","39","Meghan Dalton","F_Mic","Michael Krueger","F_Don","Donald Quagley","Charolais","S","2","5","816.00","2.88","11750.40"," "
"C1620","1620","171","78","Dillard Farms","74","Bright Farms","D_Dav","Dave Doppler","D_Dav","Dave Doppler","Angus X","H","3","7","985.00","2.94","20271.30"," "
"C1620","1620","172","74","Bright Farms","48","Melissa Ruiz","F_Don","Donald Quagley","F_Don","Donald Quagley","Fresian","B","3","2","959.00","3.13","6003.34"," "
"C1620","1620","173","43","Carr Farms","46","Valenzuela Farms","F_Shr","Homer Palin","F_Mik","Micheal Angel","Angus","S","2","3","732.00","3.17","6961.32"," "
"C1620","1620","174","43","Carr Farms","62","Camden Hatfield","F_Shr","Homer Palin","F_Mik","Micheal Angel","Angus","S","3","12","729.00","2.70","23619.60"," "
"C1620","1620","175","100","Barrett Fuller","78","Dillard Farms","F_Leo","Leonardo Capris","F_Don","Donald Quagley","Angus","H","3","4","673.00","2.82","7591.44"," "
"C1620","1620","175","100","Barclay Barr","78","Dillard Farms","F_Leo","Leonardo Capris","F_Don","Donald Quagley","Angus","H","3","4","673.00","2.82","7591.44"," "
"C1620","1620","176","38","Hermione Compton","62","Camden Hatfield","P_Jan","Jane Jetson","P_Jan","Jane Jetson","Angus","S","4","2","997.00","2.66","5304.04"," "
"C1620","1620","177","76","Hasad Harrington","63","Nola Trading","D_Big","Alister Byng","D_Big","Alister Byng","Fresian X","S","2","5","876.00","3.28","14366.40"," "
"C1620","1620","178","88","Hanna Collier","63","Nola Trading","F_Mik","Micheal Angel","F_Mik","Micheal Angel","Angus","H","1","19","1084.00","3.34","68790.64"," "
"C1620","1620","178","88","Samson Pollard","63","Nola Trading","F_Mik","Micheal Angel","F_Mik","Micheal Angel","Angus","H","1","19","1084.00","3.34","68790.64"," "
"C1620","1620","179","58","Brent Ramirez","64","Vernon Mcgee","P_Jan","Jane Jetson","P_Jan","Jane Jetson","Hereford","S","1","1","929.00","3.01","2796.29"," "
"C1620","1620","180","86","Juliet Hayes","78","Dillard Farms","F_Shr","Homer Palin","F_Ral","Ralph Wigwam","Angus X","H","1","5","985.00","2.76","13593.00"," "
"C1620","1620","181","85","Germane Blackburn","62","Camden Hatfield","F_Leo","Leonardo Capris","F_Mik","Micheal Angel","Charolais","B","3","18","503.00","3.42","30964.68"," "
"C1620","1620","182","61","Rosales Farms","66","Jocelyn Dickson","F_Mic","Michael Krueger","F_Mik","Micheal Angel","Hereford","B","3","14","1009.00","3.07","43366.82"," "
"C1620","1620","183","69","Adena Rich","63","Nola Trading","D_Dav","Dave Doppler","D_Dav","Dave Doppler","Angus","H","2","4","617.00","3.11","7675.48"," "
"C1620","1620","184","37","Cecilia Trading","61","Rosales Farms","F_Mic","Michael Krueger","F_Mik","Micheal Angel","Hereford","B","2","10","882.00","3.00","26460.00"," "
"C1620","1620","185","43","Carr Farms","79","Anastasia Trading","F_Shr","Homer Palin","F_Mik","Micheal Angel","Angus","B","2","2","1096.00","2.82","6181.44"," "
"C1620","1620","186","58","Brent Ramirez","66","Jocelyn Dickson","P_Jan","Jane Jetson","P_Jan","Jane Jetson","Angus","H","2","9","877.00","2.97","23442.21"," "
"C1620","1620","187","49","Aiko Swanson","65","Bianca Foster","F_Mik","Micheal Angel","F_Mik","Micheal Angel","Charolais","H","1","4","529.00","3.13","6623.08"," "
"C1620","1620","188","69","Adena Rich","54","Roary Gillespie","D_Dav","Dave Doppler","D_Dav","Dave Doppler","Angus","S","2","13","693.00","2.66","23963.94"," "
"C1620","1620","189","77","Macdonald Farms","59","Lee Chase","F_Don","Donald Quagley","F_Don","Donald Quagley","Hereford","S","1","3","945.00","2.62","7427.70"," "
"C1620","1620","190","78","Dillard Farms","74","Bright Farms","D_Dav","Dave Doppler","D_Dav","Dave Doppler","Fresian X","B","2","7","1019.00","3.24","23110.92"," "
"C1620","1620","191","58","Brent Ramirez","73","Marks Farms","P_Jan","Jane Jetson","P_Jan","Jane Jetson","Angus X","B","3","12","1049.00","2.61","32854.68"," "
"C1620","1620","192","76","Hasad Harrington","77","Macdonald Farms","D_Big","Alister Byng","D_Big","Alister Byng","Fresian","H","2","10","1063.00","3.01","31996.30"," "
"C1620","1620","193","76","Hasad Harrington","79","Anastasia Trading","D_Big","Alister Byng","D_Big","Alister Byng","Angus X","B","2","12","598.00","3.20","22963.20"," "
"C1620","1620","194","74","Bright Farms","63","Nola Trading","F_Don","Donald Quagley","F_Don","Donald Quagley","Fresian X","S","3","2","1004.00","3.25","6526.00"," "
"C1620","1620","195","62","Camden Hatfield","56","Marshall Leach","P_Lis","Lisa Andrewson","P_Jan","Jane Jetson","Angus","B","2","12","611.00","2.66","19503.12"," "
"C1620","1620","196","65","Bianca Foster","75","Autumn Mooney","P_Bar","Bart O'Keefe","P_Jan","Jane Jetson","Angus","S","3","2","949.00","2.63","4991.74"," "
"C1620","1620","197","100","Barrett Fuller","66","Jocelyn Dickson","F_Leo","Leonardo Capris","F_Don","Donald Quagley","Fresian","S","4","6","677.00","3.38","13729.56"," "
"C1620","1620","197","100","Barclay Barr","66","Jocelyn Dickson","F_Leo","Leonardo Capris","F_Don","Donald Quagley","Fresian","S","4","6","677.00","3.38","13729.56"," "
"C1620","1620","198","62","Camden Hatfield","60","Illiana Maldonado","P_Lis","Lisa Andrewson","P_Jan","Jane Jetson","Fresian","S","2","10","866.00","2.82","24421.20"," "
"C1620","1620","199","41","Burch Farms","61","Rosales Farms","P_Jan","Jane Jetson","P_Jan","Jane Jetson","Angus","S","3","8","659.00","2.88","15183.36"," "
"C1620","1620","200","69","Adena Rich","48","Melissa Ruiz","D_Dav","Dave Doppler","D_Dav","Dave Doppler","Fresian","H","2","9","911.00","3.19","26154.81"," "
"C1620","1620","201","62","Camden Hatfield","56","Marshall Leach","P_Lis","Lisa Andrewson","P_Jan","Jane Jetson","Fresian","H","2","8","1018.00","3.38","27526.72"," "
"C1620","1620","202","61","Rosales Farms","63","Nola Trading","F_Mic","Michael Krueger","F_Mik","Micheal Angel","Angus","S","3","13","576.00","3.50","26208.00"," "
"C1620","1620","203","60","Illiana Maldonado","77","Macdonald Farms","D_Dav","Dave Doppler","D_Dav","Dave Doppler","Angus X","S","2","9","1007.00","3.14","28457.82"," "
"C1620","1620","204","88","Hanna Collier","65","Bianca Foster","F_Mik","Micheal Angel","F_Mik","Micheal Angel","Hereford","H","2","6","854.00","2.75","14091.00"," "
"C1620","1620","204","88","Samson Pollard","65","Bianca Foster","F_Mik","Micheal Angel","F_Mik","Micheal Angel","Hereford","H","2","6","854.00","2.75","14091.00"," "
"C1620","1620","205","41","Burch Farms","61","Rosales Farms","P_Jan","Jane Jetson","P_Jan","Jane Jetson","Hereford","B","2","5","559.00","2.95","8245.25"," "
"C1620","1620","206","100","Barrett Fuller","48","Melissa Ruiz","F_Leo","Leonardo Capris","F_Mik","Micheal Angel","Angus","B","4","4","831.00","2.61","8675.64"," "
"C1620","1620","206","100","Barclay Barr","48","Melissa Ruiz","F_Leo","Leonardo Capris","F_Mik","Micheal Angel","Angus","B","4","4","831.00","2.61","8675.64"," "
"C1620","1620","207","57","Gannon Trading","73","Marks Farms","P_Jan","Jane Jetson","P_Jan","Jane Jetson","Charolais","S","3","19","895.00","2.71","46083.55"," "
"C1620","1620","208","74","Bright Farms","62","Camden Hatfield","F_Don","Donald Quagley","F_Don","Donald Quagley","Angus","B","2","14","1023.00","2.91","41677.02"," "
"C1620","1620","209","32","Kirk Cameron","79","Anastasia Trading","P_Lis","Lisa Andrewson","P_Jan","Jane Jetson","Angus X","B","2","14","844.00","3.15","37220.40"," "
"C1620","1620","210","37","Cecilia Trading","60","Illiana Maldonado","F_Mic","Michael Krueger","F_Don","Donald Quagley","Angus","S","1","7","593.00","2.72","11290.72"," "
"C1620","1620","211","87","Fitzpatrick Farms","65","Bianca Foster","P_Bar","Bart O'Keefe","P_Jan","Jane Jetson","Angus","S","2","9","703.00","2.92","18474.84"," "
"C1620","1620","211","87","Grady Blevins","65","Bianca Foster","P_Bar","Bart O'Keefe","P_Jan","Jane Jetson","Angus","S","2","9","703.00","2.92","18474.84"," "
"C1620","1620","212","43","Carr Farms","54","Roary Gillespie","F_Shr","Homer Palin","F_Ral","Ralph Wigwam","Angus X","S","3","20","777.00","3.48","54079.20"," "
"C1620","1620","213","87","Fitzpatrick Farms","73","Marks Farms","P_Bar","Bart O'Keefe","P_Jan","Jane Jetson","Hereford","S","3","6","694.00","3.36","13991.04"," "
"C1620","1620","213","87","Grady Blevins","73","Marks Farms","P_Bar","Bart O'Keefe","P_Jan","Jane Jetson","Hereford","S","3","6","694.00","3.36","13991.04"," "
"C1620","1620","214","76","Hasad Harrington","60","Illiana Maldonado","D_Big","Alister Byng","D_Big","Alister Byng","Angus","B","2","7","1049.00","2.66","19532.38"," "
"C1620","1620","215","87","Fitzpatrick Farms","79","Anastasia Trading","P_Bar","Bart O'Keefe","P_Jan","Jane Jetson","Angus","S","2","2","655.00","2.93","3838.30"," "
"C1620","1620","215","87","Grady Blevins","79","Anastasia Trading","P_Bar","Bart O'Keefe","P_Jan","Jane Jetson","Angus","S","2","2","655.00","2.93","3838.30"," "
"C1620","1620","216","84","Hardin Farms","66","Jocelyn Dickson","F_Shr","Homer Palin","F_Ral","Ralph Wigwam","Fresian X","B","3","2","718.00","3.26","4681.36"," "
"C1620","1620","217","40","Ayala Farms","59","Lee Chase","F_Dav","David Sidebottom","F_Don","Donald Quagley","Fresian","B","1","14","925.00","2.77","35871.50"," "
"C1620","1620","218","37","Cecilia Trading","59","Lee Chase","F_Mic","Michael Krueger","F_Don","Donald Quagley","Angus","S","2","14","923.00","3.27","42254.94"," "
"C1620","1620","219","57","Gannon Trading","79","Anastasia Trading","P_Jan","Jane Jetson","P_Jan","Jane Jetson","Fresian","H","2","10","829.00","2.82","23377.80"," "
"C1620","1620","220","70","Brody Stanley","61","Rosales Farms","P_Bar","Bart O'Keefe","P_Jan","Jane Jetson","Angus","S","2","15","834.00","2.92","36529.20"," "
"C1620","1620","221","38","Hermione Compton","65","Bianca Foster","P_Jan","Jane Jetson","P_Jan","Jane Jetson","Angus X","B","3","11","688.00","2.64","19979.52"," "
"C1620","1620","222","37","Cecilia Trading","73","Marks Farms","F_Mic","Michael Krueger","F_Don","Donald Quagley","Angus","B","2","9","568.00","2.97","15182.64"," "
"C1620","1620","223","61","Rosales Farms","61","Rosales Farms","F_Mic","Michael Krueger","F_Mik","Micheal Angel","Angus","H","2","9","513.00","3.00","13851.00"," "
"C1620","1620","224","32","Kirk Cameron","56","Marshall Leach","P_Lis","Lisa Andrewson","P_Jan","Jane Jetson","Angus X","B","2","8","906.00","2.92","21164.16"," "
"C1620","1620","225","49","Aiko Swanson","61","Rosales Farms","F_Mik","Micheal Angel","F_Mik","Micheal Angel","Angus","H","2","6","685.00","3.24","13316.40"," "
"C1620","1620","226","39","Meghan Dalton","56","Marshall Leach","F_Ral","Ralph Wigwam","F_Ral","Ralph Wigwam","Charolais","S","4","8","572.00","2.81","12858.56"," "
"C1620","1620","227","38","Hermione Compton","66","Jocelyn Dickson","P_Jan","Jane Jetson","P_Jan","Jane Jetson","Angus","S","3","16","851.00","3.35","45613.60"," "
"C1620","1620","228","43","Carr Farms","61","Rosales Farms","F_Shr","Homer Palin","F_Ral","Ralph Wigwam","Angus","S","2","16","1100.00","2.85","50160.00"," "
"C1620","1620","229","62","Camden Hatfield","61","Rosales Farms","P_Lis","Lisa Andrewson","P_Jan","Jane Jetson","Angus","H","2","14","901.00","3.41","43013.74"," "
"C1620","1620","230","65","Bianca Foster","46","Valenzuela Farms","P_Bar","Bart O'Keefe","P_Jan","Jane Jetson","Angus","B","2","18","1063.00","3.25","62185.50"," "
"C1620","1620","231","88","Hanna Collier","64","Vernon Mcgee","F_Mik","Micheal Angel","F_Mik","Micheal Angel","Angus","B","2","4","796.00","2.93","9329.12"," "
"C1620","1620","231","88","Samson Pollard","64","Vernon Mcgee","F_Mik","Micheal Angel","F_Mik","Micheal Angel","Angus","B","2","4","796.00","2.93","9329.12"," "
"C1620","1620","232","40","Ayala Farms","65","Bianca Foster","F_Dav","David Sidebottom","F_Don","Donald Quagley","Charolais","S","2","2","818.00","3.07","5022.52"," "
"C1620","1620","233","74","Bright Farms","75","Autumn Mooney","F_Don","Donald Quagley","F_Don","Donald Quagley","Angus X","S","3","17","980.00","2.90","48314.00"," "
